Name,Career Start,Career End,Matches Played,Innings Batted,Not Outs,Runs Scored,Highest Innings Score,Batting Avg,Balls Faced,Batting Strike Rate,Hundreds Scored,Scores Of Fifty Or More,Ducks Scored,Boundary Fours,Boundary Sixes,Country
EJG Morgan,2009,2018,77,75.0,14.0,1734.0,85,28.42,1320.0,131.36,0.0,9.0,3.0,129.0,77.0,England
AD Hales,2011,2018,57,57.0,7.0,1605.0,116,32.1,1178.0,136.24,1.0,8.0,4.0,171.0,52.0,England
JC Buttler,2011,2018,66,58.0,11.0,1260.0,73,26.8,912.0,138.15,0.0,7.0,3.0,102.0,53.0,England
KP Pietersen,2005,2013,37,36.0,5.0,1176.0,79,37.93,831.0,141.51,0.0,7.0,1.0,119.0,32.0,England
JE Root,2012,2018,28,26.0,4.0,787.0,90,35.77,612.0,128.59,0.0,4.0,1.0,80.0,16.0,England
LJ Wright,2007,2014,51,45.0,5.0,759.0,99,18.97,554.0,137.0,0.0,4.0,9.0,68.0,31.0,England
JJ Roy,2014,2018,32,32.0,0.0,743.0,78,23.21,512.0,145.11,0.0,4.0,4.0,75.0,35.0,England
RS Bopara,2008,2014,38,35.0,10.0,711.0,65,28.44,599.0,118.69,0.0,3.0,0.0,54.0,17.0,England
PD Collingwood,2005,2011,35,33.0,2.0,583.0,79,18.8,459.0,127.01,0.0,3.0,3.0,37.0,24.0,England
MJ Lumb,2010,2014,27,27.0,1.0,552.0,63,21.23,413.0,133.65,0.0,3.0,1.0,64.0,21.0,England
C Kieswetter,2010,2012,25,25.0,1.0,526.0,63,21.91,470.0,111.91,0.0,3.0,2.0,47.0,23.0,England
JM Bairstow,2011,2018,27,22.0,6.0,396.0,60,24.75,315.0,125.71,0.0,2.0,1.0,33.0,15.0,England
OA Shah,2007,2009,17,15.0,1.0,347.0,55,24.78,284.0,122.18,0.0,1.0,0.0,26.0,13.0,England
DJ Malan,2017,2018,5,5.0,0.0,250.0,78,50.0,166.0,150.6,0.0,4.0,0.0,26.0,11.0,England
MM Ali,2014,2018,25,22.0,6.0,235.0,72,14.68,198.0,118.68,0.0,1.0,6.0,21.0,9.0,England
BA Stokes,2011,2018,23,20.0,5.0,232.0,38,15.46,178.0,130.33,0.0,0.0,1.0,20.0,9.0,England
TT Bresnan,2006,2014,34,22.0,9.0,216.0,47,16.61,170.0,127.05,0.0,0.0,3.0,16.0,6.0,England
SW Billings,2015,2018,17,15.0,0.0,205.0,53,13.66,152.0,134.86,0.0,1.0,1.0,18.0,8.0,England
JM Vince,2015,2018,7,7.0,0.0,194.0,46,27.71,165.0,117.57,0.0,0.0,0.0,20.0,5.0,England
SR Patel,2011,2013,18,14.0,2.0,189.0,67,15.75,173.0,109.24,0.0,1.0,2.0,17.0,5.0,England
IR Bell,2006,2014,8,8.0,1.0,188.0,60,26.85,163.0,115.33,0.0,1.0,0.0,23.0,2.0,England
CJ Jordan,2014,2018,35,23.0,10.0,168.0,27,12.92,144.0,116.66,0.0,0.0,2.0,12.0,7.0,England
ME Trescothick,2005,2006,3,3.0,0.0,166.0,72,55.33,131.0,126.71,0.0,2.0,0.0,23.0,1.0,England
DJ Willey,2015,2018,24,17.0,5.0,152.0,29,12.66,114.0,133.33,0.0,0.0,1.0,8.0,9.0,England
IJL Trott,2007,2010,7,7.0,1.0,138.0,51,23.0,144.0,95.83,0.0,1.0,0.0,9.0,3.0,England
MJ Prior,2007,2010,10,8.0,2.0,127.0,32,21.16,100.0,127.0,0.0,0.0,1.0,11.0,5.0,England
AD Mascarenhas,2007,2009,14,13.0,5.0,123.0,31,15.37,100.0,123.0,0.0,0.0,3.0,8.0,5.0,England
SCJ Broad,2006,2014,56,26.0,10.0,118.0,18,7.37,118.0,100.0,0.0,0.0,2.0,7.0,3.0,England
DL Maddy,2007,2007,4,4.0,0.0,113.0,50,28.25,80.0,141.25,0.0,1.0,0.0,12.0,3.0,England
GP Swann,2008,2012,39,16.0,11.0,104.0,34,20.8,89.0,116.85,0.0,0.0,2.0,9.0,1.0,England
SM Davies,2009,2011,5,5.0,0.0,102.0,33,20.4,82.0,124.39,0.0,0.0,0.0,12.0,0.0,England
MH Yardy,2006,2011,14,8.0,5.0,96.0,35,32.0,72.0,133.33,0.0,0.0,3.0,9.0,1.0,England
CR Woakes,2011,2015,8,7.0,4.0,91.0,37,30.33,63.0,144.44,0.0,0.0,1.0,4.0,5.0,England
A Flintoff,2005,2007,7,7.0,1.0,76.0,31,12.66,60.0,126.66,0.0,0.0,1.0,7.0,2.0,England
VS Solanki,2005,2007,3,3.0,0.0,76.0,43,25.33,61.0,124.59,0.0,0.0,0.0,10.0,1.0,England
AJ Strauss,2005,2009,4,4.0,0.0,73.0,33,18.25,64.0,114.06,0.0,0.0,1.0,9.0,0.0,England
AN Cook,2007,2009,4,4.0,0.0,61.0,26,15.25,54.0,112.96,0.0,0.0,0.0,10.0,0.0,England
JWM Dalrymple,2006,2007,3,3.0,0.0,60.0,32,20.0,57.0,105.26,0.0,0.0,0.0,6.0,0.0,England
P Mustard,2008,2008,2,2.0,0.0,60.0,40,30.0,37.0,162.16,0.0,0.0,0.0,5.0,4.0,England
AU Rashid,2009,2018,33,14.0,8.0,47.0,9,7.83,55.0,85.45,0.0,0.0,0.0,4.0,0.0,England
LE Plunkett,2006,2018,20,11.0,4.0,42.0,18,6.0,34.0,123.52,0.0,0.0,3.0,3.0,1.0,England
JL Denly,2009,2018,6,6.0,0.0,40.0,20,6.66,46.0,86.95,0.0,0.0,2.0,5.0,0.0,England
JS Foster,2009,2009,5,5.0,2.0,37.0,14,12.33,32.0,115.62,0.0,0.0,0.0,0.0,1.0,England
GO Jones,2005,2006,2,2.0,1.0,33.0,19,33.0,25.0,132.0,0.0,0.0,0.0,5.0,0.0,England
JC Tredwell,2012,2014,17,6.0,3.0,32.0,22,10.66,20.0,160.0,0.0,0.0,1.0,4.0,1.0,England
PA Nixon,2007,2007,1,1.0,1.0,31.0,31,,22.0,140.9,0.0,0.0,0.0,2.0,1.0,England
MP Vaughan,2005,2007,2,2.0,0.0,27.0,27,13.5,22.0,122.72,0.0,0.0,1.0,4.0,0.0,England
JW Dernbach,2011,2014,34,7.0,2.0,24.0,12,4.8,21.0,114.28,0.0,0.0,1.0,3.0,0.0,England
CP Schofield,2007,2007,4,4.0,3.0,24.0,9,24.0,20.0,120.0,0.0,0.0,0.0,2.0,0.0,England
LA Dawson,2016,2018,6,2.0,1.0,17.0,10,17.0,8.0,212.5,0.0,0.0,0.0,2.0,1.0,England
LS Livingstone,2017,2017,2,2.0,0.0,16.0,16,8.0,19.0,84.21,0.0,0.0,1.0,1.0,0.0,England
SG Borthwick,2011,2011,1,1.0,0.0,14.0,14,14.0,16.0,87.5,0.0,0.0,0.0,2.0,0.0,England
ST Finn,2011,2015,21,3.0,3.0,14.0,8,,19.0,73.68,0.0,0.0,0.0,1.0,0.0,England
CMW Read,2006,2006,1,1.0,0.0,13.0,13,13.0,11.0,118.18,0.0,0.0,0.0,2.0,0.0,England
RWT Key,2009,2009,1,1.0,1.0,10.0,10,,8.0,125.0,0.0,0.0,0.0,0.0,0.0,England
MA Wood,2015,2018,4,2.0,2.0,10.0,5,,12.0,83.33,0.0,0.0,0.0,1.0,0.0,England
TK Curran,2017,2018,7,3.0,2.0,8.0,6,8.0,6.0,133.33,0.0,0.0,0.0,0.0,1.0,England
MA Carberry,2014,2014,1,1.0,0.0,7.0,7,7.0,7.0,100.0,0.0,0.0,0.0,1.0,0.0,England
JN Snape,2007,2007,1,1.0,0.0,7.0,7,7.0,11.0,63.63,0.0,0.0,0.0,0.0,0.0,England
RJ Sidebottom,2007,2010,18,1.0,1.0,5.0,5,,4.0,125.0,0.0,0.0,0.0,1.0,0.0,England
GJ Batty,2009,2009,1,1.0,0.0,4.0,4,4.0,7.0,57.14,0.0,0.0,0.0,0.0,0.0,England
A Khan,2009,2009,1,1.0,0.0,2.0,2,2.0,4.0,50.0,0.0,0.0,0.0,0.0,0.0,England
RJ Kirtley,2007,2007,1,1.0,1.0,2.0,2,,4.0,50.0,0.0,0.0,0.0,0.0,0.0,England
JM Anderson,2007,2009,19,4.0,3.0,1.0,1,1.0,2.0,50.0,0.0,0.0,1.0,0.0,0.0,England
EC Joyce,2006,2007,2,1.0,0.0,1.0,1,1.0,3.0,33.33,0.0,0.0,0.0,0.0,0.0,England
J Lewis,2005,2007,2,2.0,1.0,1.0,1,1.0,4.0,25.0,0.0,0.0,0.0,0.0,0.0,England
SI Mahmood,2006,2009,4,2.0,2.0,1.0,1,,2.0,50.0,0.0,0.0,0.0,0.0,0.0,England
MS Panesar,2007,2007,1,1.0,0.0,1.0,1,1.0,2.0,50.0,0.0,0.0,0.0,0.0,0.0,England
SD Parry,2014,2015,5,1.0,0.0,1.0,1,1.0,1.0,100.0,0.0,0.0,0.0,0.0,0.0,England
RJW Topley,2015,2016,6,1.0,1.0,1.0,1,,2.0,50.0,0.0,0.0,0.0,0.0,0.0,England
DR Briggs,2012,2014,7,1.0,1.0,0.0,0,,0.0,,0.0,0.0,0.0,0.0,0.0,England
TS Mills,2016,2017,4,1.0,0.0,0.0,0,0.0,2.0,0.0,0.0,0.0,1.0,0.0,0.0,England
A Shahzad,2010,2011,3,1.0,1.0,0.0,0,,3.0,0.0,0.0,0.0,0.0,0.0,0.0,England
TR Ambrose,2008,2008,1,,,,,,,,,,,,,England
JT Ball,2018,2018,2,,,,,,,,,,,,,England
MS Crane,2017,2017,2,,,,,,,,,,,,,England
D Gough,2005,2006,2,,,,,,,,,,,,,England
HF Gurney,2014,2014,2,,,,,,,,,,,,,England
SJ Harmison,2005,2006,2,,,,,,,,,,,,,England
SC Meaker,2012,2012,2,,,,,,,,,,,,,England
WB Rankin,2013,2013,2,,,,,,,,,,,,,England
CT Tremlett,2007,2007,1,,,,,,,,,,,,,England
DA Warner,2009,2018,70,70.0,3.0,1792.0,90,26.74,1279.0,140.1,0.0,13.0,5.0,172.0,79.0,Australia
AJ Finch,2011,2018,50,50.0,7.0,1663.0,172,38.67,1064.0,156.29,2.0,9.0,2.0,160.0,79.0,Australia
SR Watson,2006,2016,58,56.0,6.0,1462.0,124,29.24,1006.0,145.32,1.0,10.0,3.0,115.0,83.0,Australia
GJ Maxwell,2012,2018,57,51.0,8.0,1345.0,145,31.27,859.0,156.57,2.0,5.0,1.0,113.0,67.0,Australia
CL White,2007,2014,47,44.0,14.0,984.0,85,32.8,740.0,132.97,0.0,5.0,3.0,71.0,44.0,Australia
DJ Hussey,2008,2012,39,36.0,3.0,756.0,88,22.9,623.0,121.34,0.0,3.0,4.0,41.0,34.0,Australia
MEK Hussey,2005,2012,38,30.0,11.0,721.0,60,37.94,529.0,136.29,0.0,4.0,1.0,58.0,25.0,Australia
DJM Short,2018,2018,18,18.0,2.0,515.0,76,32.18,425.0,121.17,0.0,4.0,1.0,55.0,15.0,Australia
MJ Clarke,2005,2010,34,28.0,5.0,488.0,67,21.21,473.0,103.17,0.0,1.0,2.0,29.0,10.0,Australia
GJ Bailey,2012,2016,29,25.0,7.0,470.0,63,26.11,334.0,140.71,0.0,2.0,1.0,37.0,20.0,Australia
SPD Smith,2010,2016,30,25.0,5.0,431.0,90,21.55,352.0,122.44,0.0,2.0,1.0,34.0,11.0,Australia
BJ Haddin,2006,2014,34,29.0,6.0,402.0,47,17.47,351.0,114.52,0.0,0.0,2.0,30.0,13.0,Australia
RT Ponting,2005,2009,17,16.0,2.0,401.0,98,28.64,302.0,132.78,0.0,2.0,2.0,41.0,11.0,Australia
A Symonds,2005,2009,14,11.0,4.0,337.0,85,48.14,199.0,169.34,0.0,2.0,2.0,33.0,10.0,Australia
TM Head,2016,2018,16,15.0,3.0,319.0,48,26.58,245.0,130.2,0.0,0.0,0.0,19.0,10.0,Australia
ML Hayden,2005,2007,9,9.0,3.0,308.0,73,51.33,214.0,143.92,0.0,4.0,0.0,37.0,13.0,Australia
CA Lynn,2014,2018,18,16.0,1.0,291.0,44,19.4,221.0,131.67,0.0,0.0,1.0,28.0,14.0,Australia
AC Gilchrist,2005,2008,13,13.0,1.0,272.0,48,22.66,192.0,141.66,0.0,0.0,0.0,27.0,13.0,Australia
SE Marsh,2008,2016,15,15.0,1.0,255.0,47,18.21,248.0,102.82,0.0,0.0,2.0,15.0,10.0,Australia
UT Khawaja,2016,2016,9,9.0,0.0,241.0,58,26.77,182.0,132.41,0.0,1.0,0.0,31.0,5.0,Australia
MS Wade,2011,2016,26,17.0,5.0,239.0,72,19.91,218.0,109.63,0.0,1.0,0.0,11.0,9.0,Australia
BJ Hodge,2007,2014,15,11.0,4.0,183.0,36,26.14,144.0,127.08,0.0,0.0,0.0,9.0,7.0,Australia
MR Marsh,2011,2018,11,11.0,3.0,175.0,36,21.87,151.0,115.89,0.0,0.0,0.0,7.0,9.0,Australia
JP Faulkner,2012,2017,24,18.0,7.0,159.0,41,14.45,138.0,115.21,0.0,0.0,0.0,7.0,5.0,Australia
MC Henriques,2009,2017,11,8.0,3.0,159.0,62,31.8,122.0,130.32,0.0,2.0,0.0,8.0,7.0,Australia
NM Coulter-Nile,2013,2018,26,14.0,4.0,146.0,34,14.6,112.0,130.35,0.0,0.0,3.0,10.0,10.0,Australia
M Klinger,2017,2017,3,3.0,0.0,143.0,62,47.66,112.0,127.67,0.0,1.0,0.0,12.0,2.0,Australia
AC Voges,2007,2013,7,5.0,2.0,139.0,51,46.33,114.0,121.92,0.0,1.0,0.0,8.0,2.0,Australia
MP Stoinis,2015,2018,17,12.0,5.0,128.0,33,18.28,101.0,126.73,0.0,0.0,1.0,13.0,2.0,Australia
AT Carey,2018,2018,19,13.0,4.0,125.0,37,13.88,101.0,123.76,0.0,0.0,0.0,10.0,4.0,Australia
DR Martyn,2005,2006,4,4.0,0.0,120.0,96,30.0,74.0,162.16,0.0,1.0,0.0,11.0,5.0,Australia
MG Johnson,2007,2013,30,17.0,7.0,109.0,28,10.9,95.0,114.73,0.0,0.0,2.0,8.0,3.0,Australia
JR Hopes,2005,2010,12,7.0,2.0,105.0,30,21.0,98.0,107.14,0.0,0.0,0.0,7.0,1.0,Australia
B Lee,2005,2012,25,12.0,6.0,101.0,43,16.83,71.0,142.25,0.0,0.0,2.0,9.0,4.0,Australia
BR Dunk,2014,2017,5,5.0,0.0,99.0,32,19.8,69.0,143.47,0.0,0.0,0.0,8.0,6.0,Australia
AC Agar,2016,2018,15,7.0,1.0,82.0,29,13.66,79.0,103.79,0.0,0.0,0.0,6.0,3.0,Australia
BR McDermott,2018,2018,8,8.0,3.0,72.0,32,14.4,76.0,94.73,0.0,0.0,2.0,5.0,2.0,Australia
SM Katich,2005,2006,3,2.0,0.0,69.0,39,34.5,47.0,146.8,0.0,0.0,0.0,8.0,2.0,Australia
AJ Tye,2016,2018,26,11.0,5.0,61.0,20,10.16,55.0,110.9,0.0,0.0,2.0,4.0,3.0,Australia
GB Hogg,2006,2014,15,4.0,0.0,55.0,41,13.75,39.0,141.02,0.0,0.0,0.0,3.0,3.0,Australia
TD Paine,2009,2017,10,7.0,1.0,47.0,21,7.83,40.0,117.5,0.0,0.0,2.0,4.0,2.0,Australia
L Ronchi,2008,2009,3,2.0,0.0,47.0,36,23.5,27.0,174.07,0.0,0.0,0.0,8.0,1.0,Australia
JW Hastings,2010,2016,9,6.0,2.0,46.0,15,11.5,37.0,124.32,0.0,0.0,0.0,3.0,1.0,Australia
NJ Maddinson,2013,2018,6,4.0,0.0,45.0,34,11.25,35.0,128.57,0.0,0.0,0.0,6.0,1.0,Australia
BCJ Cutting,2013,2014,4,3.0,0.0,35.0,29,11.66,23.0,152.17,0.0,0.0,1.0,1.0,3.0,Australia
SNJ O'Keefe,2010,2011,7,5.0,0.0,32.0,22,6.4,26.0,123.07,0.0,0.0,0.0,4.0,1.0,Australia
TR Birt,2010,2012,4,3.0,0.0,31.0,17,10.33,33.0,93.93,0.0,0.0,0.0,3.0,1.0,Australia
PJ Cummins,2011,2017,18,10.0,3.0,28.0,13,4.0,34.0,82.35,0.0,0.0,2.0,1.0,1.0,Australia
DT Christian,2010,2017,16,7.0,3.0,27.0,9,6.75,28.0,96.42,0.0,0.0,1.0,2.0,0.0,Australia
AJ Turner,2017,2017,3,3.0,0.0,26.0,18,8.66,21.0,123.8,0.0,0.0,0.0,1.0,0.0,Australia
PM Nevill,2016,2016,9,5.0,4.0,25.0,10,25.0,11.0,227.27,0.0,0.0,0.0,1.0,2.0,Australia
JN Gillespie,2005,2005,1,1.0,0.0,24.0,24,24.0,18.0,133.33,0.0,0.0,0.0,4.0,0.0,Australia
A Zampa,2016,2018,20,6.0,4.0,23.0,9,11.5,26.0,88.46,0.0,0.0,0.0,2.0,0.0,Australia
MJ North,2009,2009,1,1.0,0.0,20.0,20,20.0,21.0,95.23,0.0,0.0,0.0,1.0,0.0,Australia
CJ McKay,2010,2013,6,4.0,2.0,19.0,7,9.5,22.0,86.36,0.0,0.0,1.0,1.0,1.0,Australia
XJ Doherty,2012,2013,11,4.0,3.0,18.0,9,18.0,17.0,105.88,0.0,0.0,0.0,1.0,0.0,Australia
CJ Ferguson,2009,2009,3,3.0,0.0,16.0,8,5.33,19.0,84.21,0.0,0.0,1.0,1.0,0.0,Australia
DP Nannes,2009,2010,15,4.0,3.0,16.0,12,16.0,11.0,145.45,0.0,0.0,0.0,1.0,1.0,Australia
BJ Rohrer,2013,2013,1,1.0,0.0,16.0,16,16.0,14.0,114.28,0.0,0.0,0.0,0.0,1.0,Australia
NW Bracken,2006,2009,19,6.0,3.0,15.0,4,5.0,22.0,68.18,0.0,0.0,1.0,1.0,0.0,Australia
LA Pomersbach,2007,2007,1,1.0,0.0,15.0,15,15.0,7.0,214.28,0.0,0.0,0.0,1.0,1.0,Australia
MA Starc,2012,2018,23,6.0,2.0,12.0,4,3.0,18.0,66.66,0.0,0.0,0.0,0.0,0.0,Australia
SW Tait,2007,2016,21,6.0,2.0,11.0,6,2.75,15.0,73.33,0.0,0.0,1.0,0.0,1.0,Australia
KW Richardson,2014,2018,9,2.0,0.0,9.0,9,4.5,8.0,112.5,0.0,0.0,1.0,0.0,0.0,Australia
B Stanlake,2017,2018,17,2.0,1.0,9.0,7,9.0,12.0,75.0,0.0,0.0,0.0,0.0,1.0,Australia
NM Hauritz,2009,2009,3,2.0,0.0,6.0,4,3.0,10.0,60.0,0.0,0.0,0.0,1.0,0.0,Australia
PJ Hughes,2014,2014,1,1.0,0.0,6.0,6,6.0,8.0,75.0,0.0,0.0,0.0,1.0,0.0,Australia
JA Richardson,2017,2018,7,2.0,1.0,6.0,6,6.0,3.0,200.0,0.0,0.0,1.0,1.0,0.0,Australia
SA Abbott,2014,2014,3,1.0,0.0,5.0,5,5.0,8.0,62.5,0.0,0.0,0.0,1.0,0.0,Australia
GD McGrath,2005,2005,2,1.0,0.0,5.0,5,5.0,12.0,41.66,0.0,0.0,0.0,0.0,0.0,Australia
JL Pattinson,2011,2012,4,2.0,2.0,5.0,5,,3.0,166.66,0.0,0.0,0.0,1.0,0.0,Australia
CJ Boyce,2014,2016,7,2.0,1.0,4.0,3,4.0,7.0,57.14,0.0,0.0,0.0,0.0,0.0,Australia
NM Lyon,2016,2018,2,1.0,1.0,4.0,4,,4.0,100.0,0.0,0.0,0.0,0.0,0.0,Australia
JM Muirhead,2014,2014,5,2.0,1.0,4.0,3,4.0,8.0,50.0,0.0,0.0,0.0,0.0,0.0,Australia
NJ Reardon,2014,2014,2,1.0,0.0,4.0,4,4.0,8.0,50.0,0.0,0.0,0.0,0.0,0.0,Australia
Fawad Ahmed,2013,2013,2,1.0,1.0,3.0,3,,5.0,60.0,0.0,0.0,0.0,0.0,0.0,Australia
MS Kasprowicz,2005,2005,2,1.0,1.0,3.0,3,,5.0,60.0,0.0,0.0,0.0,0.0,0.0,Australia
MJ Swepson,2018,2018,1,1.0,1.0,3.0,3,,4.0,75.0,0.0,0.0,0.0,0.0,0.0,Australia
RJ Harris,2010,2010,3,1.0,1.0,2.0,2,,1.0,200.0,0.0,0.0,0.0,0.0,0.0,Australia
BW Hilfenhaus,2007,2012,7,3.0,1.0,2.0,2,1.0,10.0,20.0,0.0,0.0,1.0,0.0,0.0,Australia
DE Bollinger,2011,2014,9,2.0,2.0,1.0,1,,1.0,100.0,0.0,0.0,0.0,0.0,0.0,Australia
PM Siddle,2009,2010,2,1.0,1.0,1.0,1,,1.0,100.0,0.0,0.0,0.0,0.0,0.0,Australia
JD Wildermuth,2018,2018,2,1.0,1.0,1.0,1,,1.0,100.0,0.0,0.0,0.0,0.0,0.0,Australia
CT Bancroft,2016,2016,1,1.0,1.0,0.0,0,,0.0,,0.0,0.0,0.0,0.0,0.0,Australia
SM Harwood,2007,2009,3,1.0,1.0,0.0,0,,0.0,,0.0,0.0,0.0,0.0,0.0,Australia
AA Noffke,2007,2008,2,1.0,0.0,0.0,0,0.0,0.0,,0.0,0.0,1.0,0.0,0.0,Australia
JP Behrendorff,2017,2018,5,,,,,,,,,,,,,Australia
SM Boland,2016,2016,3,,,,,,,,,,,,,Australia
SR Clark,2006,2007,9,,,,,,,,,,,,,Australia
B Geeves,2009,2009,1,,,,,,,,,,,,,Australia
JR Hazlewood,2013,2016,7,,,,,,,,,,,,,Australia
B Laughlin,2009,2013,3,,,,,,,,,,,,,Australia
ML Lewis,2006,2006,2,,,,,,,,,,,,,Australia
JP Duminy,2007,2018,78,72.0,23.0,1858.0,96,37.91,1494.0,124.36,0.0,11.0,6.0,133.0,66.0,South Africa
AB de Villiers,2006,2017,78,75.0,11.0,1672.0,79,26.12,1237.0,135.16,0.0,10.0,5.0,140.0,60.0,South Africa
F du Plessis,2012,2018,39,39.0,6.0,1202.0,119,36.42,893.0,134.6,1.0,7.0,0.0,113.0,37.0,South Africa
HM Amla,2009,2018,41,41.0,5.0,1158.0,97,32.16,883.0,131.14,0.0,7.0,2.0,133.0,23.0,South Africa
DA Miller,2010,2018,61,54.0,16.0,1112.0,101,29.26,802.0,138.65,1.0,1.0,0.0,77.0,48.0,South Africa
GC Smith,2005,2011,33,33.0,2.0,982.0,89,31.67,770.0,127.53,0.0,5.0,1.0,123.0,26.0,South Africa
Q de Kock,2012,2018,35,35.0,4.0,874.0,59,28.19,681.0,128.34,0.0,2.0,3.0,101.0,27.0,South Africa
JH Kallis,2005,2012,25,23.0,4.0,666.0,73,35.05,558.0,119.35,0.0,5.0,0.0,56.0,20.0,South Africa
JA Morkel,2005,2015,50,38.0,11.0,572.0,43,21.18,402.0,142.28,0.0,0.0,1.0,29.0,39.0,South Africa
F Behardien,2012,2018,38,30.0,14.0,518.0,64,32.37,404.0,128.21,0.0,1.0,1.0,37.0,16.0,South Africa
HH Gibbs,2005,2010,23,23.0,1.0,400.0,90,18.18,318.0,125.78,0.0,3.0,4.0,45.0,12.0,South Africa
RR Rossouw,2014,2016,15,14.0,3.0,327.0,78,29.72,237.0,137.97,0.0,2.0,2.0,29.0,12.0,South Africa
LE Bosman,2006,2010,14,14.0,1.0,323.0,94,24.84,219.0,147.48,0.0,3.0,2.0,27.0,20.0,South Africa
RR Hendricks,2014,2018,14,14.0,0.0,313.0,70,22.35,270.0,115.92,0.0,1.0,2.0,36.0,4.0,South Africa
MV Boucher,2005,2010,25,21.0,6.0,268.0,36,17.86,275.0,97.45,0.0,0.0,0.0,22.0,2.0,South Africa
RE Levi,2012,2012,13,13.0,2.0,236.0,117,21.45,167.0,141.31,1.0,1.0,3.0,20.0,15.0,South Africa
MN van Wyk,2007,2015,8,7.0,1.0,225.0,114,37.5,157.0,143.31,1.0,1.0,0.0,19.0,14.0,South Africa
CA Ingram,2010,2012,9,9.0,1.0,210.0,78,26.25,162.0,129.62,0.0,1.0,1.0,23.0,7.0,South Africa
JM Kemp,2005,2007,8,7.0,3.0,203.0,89,50.75,160.0,126.87,0.0,1.0,0.0,17.0,10.0,South Africa
J Botha,2006,2012,40,20.0,9.0,201.0,34,18.27,165.0,121.81,0.0,0.0,1.0,15.0,9.0,South Africa
H Davids,2012,2013,9,9.0,0.0,161.0,68,17.88,134.0,120.14,0.0,2.0,2.0,18.0,4.0,South Africa
JL Ontong,2008,2015,14,10.0,0.0,158.0,48,15.8,109.0,144.95,0.0,0.0,1.0,6.0,11.0,South Africa
H Klaasen,2018,2018,6,6.0,0.0,144.0,69,24.0,85.0,169.41,0.0,1.0,0.0,8.0,11.0,South Africa
JT Smuts,2017,2018,8,8.0,0.0,126.0,45,15.75,114.0,110.52,0.0,0.0,1.0,14.0,5.0,South Africa
RJ Peterson,2006,2014,21,12.0,4.0,124.0,34,15.5,113.0,109.73,0.0,0.0,1.0,13.0,2.0,South Africa
WD Parnell,2009,2017,40,13.0,9.0,114.0,29,28.5,96.0,118.75,0.0,0.0,0.0,10.0,3.0,South Africa
M Mosehle,2017,2017,7,6.0,1.0,105.0,36,21.0,65.0,161.53,0.0,0.0,0.0,6.0,9.0,South Africa
D Wiese,2013,2016,20,11.0,4.0,92.0,28,13.14,75.0,122.66,0.0,0.0,1.0,4.0,3.0,South Africa
SM Pollock,2005,2008,12,9.0,2.0,86.0,36,12.28,70.0,122.85,0.0,0.0,3.0,4.0,4.0,South Africa
CH Morris,2012,2018,18,11.0,3.0,77.0,17,9.62,71.0,108.45,0.0,0.0,3.0,7.0,2.0,South Africa
HE van der Dussen,2018,2018,2,2.0,0.0,69.0,56,34.5,52.0,132.69,0.0,1.0,0.0,6.0,2.0,South Africa
C Jonker,2018,2018,2,2.0,0.0,57.0,49,28.5,29.0,196.55,0.0,0.0,0.0,5.0,3.0,South Africa
RE van der Merwe,2009,2010,13,6.0,3.0,57.0,48,19.0,50.0,114.0,0.0,0.0,1.0,2.0,4.0,South Africa
HG Kuhn,2009,2017,7,6.0,2.0,49.0,29,12.25,42.0,116.66,0.0,0.0,0.0,3.0,2.0,South Africa
AL Phehlukwayo,2017,2018,16,7.0,3.0,46.0,27,11.5,45.0,102.22,0.0,0.0,3.0,6.0,0.0,South Africa
JJ van der Wath,2006,2007,8,4.0,1.0,46.0,21,15.33,39.0,117.94,0.0,0.0,0.0,3.0,1.0,South Africa
J Theron,2010,2012,9,3.0,3.0,32.0,31,,21.0,152.38,0.0,0.0,0.0,3.0,1.0,South Africa
TB de Bruyn,2017,2017,2,2.0,0.0,26.0,19,13.0,16.0,162.5,0.0,0.0,0.0,3.0,1.0,South Africa
RK Kleinveldt,2008,2013,6,3.0,2.0,25.0,22,25.0,10.0,250.0,0.0,0.0,0.0,1.0,3.0,South Africa
KJ Abbott,2013,2016,21,6.0,4.0,23.0,9,11.5,20.0,115.0,0.0,0.0,0.0,2.0,0.0,South Africa
M Morkel,2007,2017,41,7.0,5.0,21.0,8,10.5,16.0,131.25,0.0,0.0,0.0,3.0,1.0,South Africa
AM Phangiso,2012,2018,16,3.0,0.0,19.0,13,6.33,29.0,65.51,0.0,0.0,0.0,1.0,0.0,South Africa
Imran Tahir,2013,2018,34,3.0,2.0,18.0,9,18.0,17.0,105.88,0.0,0.0,0.0,1.0,1.0,South Africa
BE Hendricks,2014,2017,7,2.0,1.0,15.0,12,15.0,15.0,100.0,0.0,0.0,0.0,0.0,1.0,South Africa
DW Steyn,2007,2016,42,9.0,4.0,15.0,5,3.0,20.0,75.0,0.0,0.0,1.0,1.0,0.0,South Africa
VB van Jaarsveld,2009,2009,3,3.0,0.0,15.0,12,5.0,23.0,65.21,0.0,0.0,1.0,0.0,0.0,South Africa
CJ Dala,2018,2018,5,3.0,3.0,14.0,12,,21.0,66.66,0.0,0.0,0.0,1.0,0.0,South Africa
AN Petersen,2010,2010,2,2.0,0.0,14.0,8,7.0,19.0,73.68,0.0,0.0,0.0,1.0,0.0,South Africa
VD Philander,2007,2007,7,4.0,0.0,14.0,6,3.5,28.0,50.0,0.0,0.0,0.0,0.0,0.0,South Africa
AJ Hall,2006,2006,2,1.0,0.0,11.0,11,11.0,10.0,110.0,0.0,0.0,0.0,1.0,0.0,South Africa
M Ntini,2005,2011,10,4.0,2.0,10.0,5,5.0,11.0,90.9,0.0,0.0,1.0,2.0,0.0,South Africa
R McLaren,2009,2014,12,4.0,3.0,9.0,6,9.0,13.0,69.23,0.0,0.0,0.0,0.0,0.0,South Africa
GH Bodi,2007,2007,1,1.0,0.0,8.0,8,8.0,25.0,32.0,0.0,0.0,0.0,0.0,0.0,South Africa
ND McKenzie,2006,2009,2,1.0,1.0,7.0,7,,8.0,87.5,0.0,0.0,0.0,0.0,0.0,South Africa
L Ngidi,2017,2018,7,2.0,1.0,6.0,4,6.0,9.0,66.66,0.0,0.0,0.0,0.0,0.0,South Africa
JA Rudolph,2006,2006,1,1.0,1.0,6.0,6,,7.0,85.71,0.0,0.0,0.0,0.0,0.0,South Africa
D Paterson,2017,2018,8,2.0,1.0,5.0,4,5.0,2.0,250.0,0.0,0.0,0.0,1.0,0.0,South Africa
AG Prince,2005,2005,1,1.0,0.0,5.0,5,5.0,6.0,83.33,0.0,0.0,0.0,0.0,0.0,South Africa
K Rabada,2014,2018,18,3.0,2.0,5.0,5,5.0,8.0,62.5,0.0,0.0,1.0,0.0,0.0,South Africa
R Telemachus,2006,2007,3,1.0,1.0,5.0,5,,3.0,166.66,0.0,0.0,0.0,0.0,0.0,South Africa
CK Langeveldt,2005,2010,9,3.0,2.0,4.0,2,4.0,8.0,50.0,0.0,0.0,0.0,0.0,0.0,South Africa
GJP Kruger,2006,2006,1,1.0,0.0,3.0,3,3.0,5.0,60.0,0.0,0.0,0.0,0.0,0.0,South Africa
GL Cloete,2018,2018,1,1.0,0.0,2.0,2,2.0,3.0,66.66,0.0,0.0,0.0,0.0,0.0,South Africa
LL Tsotsobe,2009,2014,23,3.0,2.0,2.0,1,2.0,10.0,20.0,0.0,0.0,0.0,0.0,0.0,South Africa
HH Dippenaar,2006,2006,1,1.0,0.0,1.0,1,1.0,5.0,20.0,0.0,0.0,0.0,0.0,0.0,South Africa
J Louw,2008,2009,2,1.0,1.0,1.0,1,,1.0,100.0,0.0,0.0,0.0,0.0,0.0,South Africa
T Henderson,2006,2006,1,1.0,0.0,0.0,0,0.0,2.0,0.0,0.0,0.0,1.0,0.0,0.0,South Africa
A Nel,2005,2007,2,1.0,1.0,0.0,0,,2.0,0.0,0.0,0.0,0.0,0.0,0.0,South Africa
T Shamsi,2017,2018,9,2.0,1.0,0.0,0,0.0,4.0,0.0,0.0,0.0,1.0,0.0,0.0,South Africa
M Zondeki,2006,2006,1,1.0,0.0,0.0,0,0.0,1.0,0.0,0.0,0.0,1.0,0.0,0.0,South Africa
YA Abdulla,2009,2009,2,,,,,,,,,,,,,South Africa
N Boje,2005,2005,1,,,,,,,,,,,,,South Africa
M de Lange,2012,2015,6,,,,,,,,,,,,,South Africa
R Frylinck,2017,2018,3,,,,,,,,,,,,,South Africa
E Leie,2015,2015,2,,,,,,,,,,,,,South Africa
D Pretorius,2017,2017,2,,,,,,,,,,,,,South Africa
AC Thomas,2007,2007,1,,,,,,,,,,,,,South Africa
DJ Vilas,2012,2012,1,,,,,,,,,,,,,South Africa
MN Samuels,2007,2018,67,65.0,10.0,1611.0,89,29.29,1386.0,116.23,0.0,10.0,0.0,144.0,69.0,West Indies
CH Gayle,2006,2018,56,52.0,4.0,1607.0,117,33.47,1123.0,143.09,2.0,13.0,3.0,137.0,103.0,West Indies
DJ Bravo,2006,2016,66,59.0,12.0,1142.0,66,24.29,981.0,116.41,0.0,4.0,4.0,67.0,49.0,West Indies
LMP Simmons,2007,2017,45,44.0,6.0,907.0,82,23.86,777.0,116.73,0.0,5.0,6.0,86.0,33.0,West Indies
KA Pollard,2008,2018,59,50.0,10.0,788.0,63,19.7,618.0,127.5,0.0,2.0,1.0,56.0,40.0,West Indies
ADS Fletcher,2008,2018,42,40.0,4.0,765.0,84,21.25,707.0,108.2,0.0,6.0,6.0,54.0,37.0,West Indies
J Charles,2011,2016,34,33.0,0.0,724.0,84,21.93,595.0,121.68,0.0,4.0,4.0,84.0,26.0,West Indies
E Lewis,2016,2018,20,20.0,1.0,637.0,125,33.52,389.0,163.75,2.0,4.0,1.0,38.0,54.0,West Indies
DR Smith,2006,2015,33,32.0,0.0,582.0,72,18.18,474.0,122.78,0.0,3.0,1.0,62.0,31.0,West Indies
D Ramdin,2006,2018,68,47.0,14.0,581.0,55,17.6,498.0,116.66,0.0,1.0,3.0,48.0,18.0,West Indies
DJG Sammy,2007,2016,66,50.0,16.0,534.0,42,15.7,359.0,148.74,0.0,0.0,3.0,42.0,27.0,West Indies
AD Russell,2011,2018,47,39.0,13.0,465.0,47,17.88,329.0,141.33,0.0,0.0,6.0,30.0,32.0,West Indies
S Chanderpaul,2006,2010,22,22.0,5.0,343.0,41,20.17,347.0,98.84,0.0,0.0,0.0,34.0,5.0,West Indies
DM Bravo,2010,2018,17,15.0,1.0,308.0,43,22.0,278.0,110.79,0.0,0.0,2.0,26.0,11.0,West Indies
RR Sarwan,2007,2010,18,16.0,3.0,298.0,59,22.92,286.0,104.19,0.0,2.0,1.0,19.0,6.0,West Indies
CR Brathwaite,2011,2018,35,22.0,6.0,281.0,37,17.56,228.0,123.24,0.0,0.0,1.0,13.0,20.0,West Indies
CAK Walton,2014,2018,19,17.0,0.0,225.0,40,13.23,203.0,110.83,0.0,0.0,5.0,23.0,11.0,West Indies
R Powell,2017,2018,20,15.0,2.0,221.0,50,17.0,191.0,115.7,0.0,1.0,1.0,18.0,8.0,West Indies
DS Smith,2007,2009,6,6.0,0.0,203.0,61,33.83,161.0,126.08,0.0,2.0,0.0,22.0,5.0,West Indies
SD Hope,2017,2018,9,7.0,0.0,173.0,55,24.71,111.0,155.85,0.0,1.0,0.0,19.0,9.0,West Indies
N Pooran,2016,2018,8,8.0,2.0,148.0,53,24.66,97.0,152.57,0.0,1.0,0.0,14.0,8.0,West Indies
SP Narine,2012,2017,48,20.0,8.0,147.0,30,12.25,116.0,126.72,0.0,0.0,2.0,13.0,5.0,West Indies
KMA Paul,2018,2018,13,9.0,4.0,124.0,29,24.8,96.0,129.16,0.0,0.0,0.0,8.0,7.0,West Indies
JE Taylor,2006,2018,30,15.0,6.0,118.0,21,13.11,92.0,128.26,0.0,0.0,1.0,10.0,6.0,West Indies
XM Marshall,2008,2009,6,6.0,0.0,96.0,36,16.0,77.0,124.67,0.0,0.0,1.0,8.0,4.0,West Indies
RS Morton,2006,2010,7,7.0,1.0,96.0,40,16.0,103.0,93.2,0.0,0.0,1.0,8.0,2.0,West Indies
JN Mohammed,2017,2018,9,8.0,3.0,90.0,23,18.0,103.0,87.37,0.0,0.0,1.0,9.0,1.0,West Indies
CD Barnwell,2011,2013,6,6.0,2.0,78.0,34,19.5,62.0,125.8,0.0,0.0,1.0,4.0,4.0,West Indies
SO Hetmyer,2018,2018,8,6.0,0.0,77.0,26,12.83,63.0,122.22,0.0,0.0,1.0,10.0,3.0,West Indies
AR Nurse,2011,2018,12,7.0,5.0,72.0,20,36.0,63.0,114.28,0.0,0.0,0.0,5.0,3.0,West Indies
TM Dowlin,2009,2010,2,2.0,1.0,68.0,37,68.0,69.0,98.55,0.0,0.0,0.0,8.0,0.0,West Indies
DP Hyatt,2011,2012,5,5.0,1.0,64.0,28,16.0,54.0,118.51,0.0,0.0,0.0,4.0,4.0,West Indies
N Deonarine,2010,2013,8,7.0,2.0,55.0,36,11.0,53.0,103.77,0.0,0.0,3.0,5.0,0.0,West Indies
S Badree,2012,2018,50,15.0,9.0,43.0,14,7.16,63.0,68.25,0.0,0.0,0.0,1.0,1.0,West Indies
NO Miller,2009,2014,9,5.0,4.0,43.0,15,43.0,47.0,91.48,0.0,0.0,0.0,2.0,0.0,West Indies
JO Holder,2014,2017,8,4.0,1.0,42.0,26,14.0,37.0,113.51,0.0,0.0,1.0,4.0,1.0,West Indies
SJ Benn,2008,2016,24,7.0,4.0,37.0,13,12.33,42.0,88.09,0.0,0.0,1.0,5.0,1.0,West Indies
FA Allen,2018,2018,6,4.0,0.0,35.0,27,8.75,31.0,112.9,0.0,0.0,2.0,5.0,0.0,West Indies
SE Findlay,2008,2008,2,2.0,0.0,32.0,19,16.0,31.0,103.22,0.0,0.0,0.0,4.0,0.0,West Indies
WW Hinds,2006,2010,5,5.0,1.0,30.0,14,7.5,41.0,73.17,0.0,0.0,1.0,3.0,0.0,West Indies
NE Bonner,2011,2012,2,2.0,0.0,27.0,24,13.5,38.0,71.05,0.0,0.0,0.0,2.0,0.0,West Indies
D Ganga,2006,2006,1,1.0,0.0,26.0,26,26.0,31.0,83.87,0.0,0.0,0.0,3.0,1.0,West Indies
AB Barath,2010,2011,2,2.0,0.0,23.0,15,11.5,39.0,58.97,0.0,0.0,0.0,3.0,0.0,West Indies
FL Reifer,2009,2009,1,1.0,0.0,22.0,22,22.0,20.0,110.0,0.0,0.0,0.0,2.0,1.0,West Indies
TL Best,2013,2014,6,1.0,1.0,17.0,17,,9.0,188.88,0.0,0.0,0.0,0.0,2.0,West Indies
RR Emrit,2018,2018,4,3.0,0.0,17.0,11,5.66,27.0,62.96,0.0,0.0,0.0,0.0,1.0,West Indies
KOA Powell,2014,2014,1,1.0,0.0,12.0,12,12.0,14.0,85.71,0.0,0.0,0.0,1.0,0.0,West Indies
R Rampaul,2007,2015,23,6.0,5.0,12.0,8,12.0,21.0,57.14,0.0,0.0,0.0,0.0,0.0,West Indies
CS Baugh,2008,2012,3,3.0,0.0,10.0,7,3.33,12.0,83.33,0.0,0.0,0.0,1.0,0.0,West Indies
FH Edwards,2007,2012,20,4.0,2.0,10.0,7,5.0,9.0,111.11,0.0,0.0,1.0,1.0,0.0,West Indies
BA Parchment,2007,2007,1,1.0,0.0,10.0,10,10.0,6.0,166.66,0.0,0.0,0.0,1.0,1.0,West Indies
K Pierre,2018,2018,3,2.0,1.0,10.0,9,10.0,9.0,111.11,0.0,0.0,0.0,2.0,0.0,West Indies
ACL Richards,2007,2007,1,1.0,0.0,10.0,10,10.0,15.0,66.66,0.0,0.0,0.0,1.0,0.0,West Indies
WKD Perkins,2008,2008,1,1.0,0.0,9.0,9,9.0,11.0,81.81,0.0,0.0,0.0,1.0,0.0,West Indies
O Thomas,2018,2018,6,3.0,1.0,8.0,8,4.0,8.0,100.0,0.0,0.0,2.0,2.0,0.0,West Indies
D Bishoo,2011,2015,5,2.0,1.0,6.0,6,6.0,6.0,100.0,0.0,0.0,1.0,1.0,0.0,West Indies
OF Smith,2018,2018,2,1.0,0.0,6.0,6,6.0,5.0,120.0,0.0,0.0,0.0,1.0,0.0,West Indies
KOK Williams,2016,2018,18,5.0,2.0,6.0,3,2.0,10.0,60.0,0.0,0.0,1.0,0.0,0.0,West Indies
SS Cottrell,2014,2018,10,3.0,2.0,5.0,3,5.0,10.0,50.0,0.0,0.0,1.0,0.0,0.0,West Indies
AM McCarthy,2018,2018,1,1.0,0.0,5.0,5,5.0,8.0,62.5,0.0,0.0,0.0,0.0,0.0,West Indies
GE Mathurin,2011,2012,3,2.0,2.0,4.0,3,,5.0,80.0,0.0,0.0,0.0,0.0,0.0,West Indies
MC Bascombe,2011,2011,1,1.0,0.0,3.0,3,3.0,7.0,42.85,0.0,0.0,0.0,0.0,0.0,West Indies
KAJ Roach,2008,2012,11,1.0,1.0,3.0,3,,2.0,150.0,0.0,0.0,0.0,0.0,0.0,West Indies
SE Rutherford,2018,2018,1,1.0,0.0,2.0,2,2.0,6.0,33.33,0.0,0.0,0.0,0.0,0.0,West Indies
DE Bernard,2009,2009,1,1.0,1.0,1.0,1,,1.0,100.0,0.0,0.0,0.0,0.0,0.0,West Indies
DBL Powell,2007,2007,5,1.0,1.0,1.0,1,,1.0,100.0,0.0,0.0,0.0,0.0,0.0,West Indies
IDR Bradshaw,2006,2006,1,1.0,1.0,0.0,0,,0.0,,0.0,0.0,0.0,0.0,0.0,West Indies
DO Christian,2011,2011,2,1.0,0.0,0.0,0,0.0,2.0,0.0,0.0,0.0,1.0,0.0,0.0,West Indies
RN Lewis,2008,2008,1,1.0,0.0,0.0,0,0.0,4.0,0.0,0.0,0.0,1.0,0.0,0.0,West Indies
DM Richards,2009,2009,1,1.0,0.0,0.0,0,0.0,1.0,0.0,0.0,0.0,1.0,0.0,0.0,West Indies
K Santokie,2011,2014,12,1.0,1.0,0.0,0,,0.0,,0.0,0.0,0.0,0.0,0.0,West Indies
LS Baker,2008,2009,3,,,,,,,,,,,,,West Indies
DK Butler,2006,2006,1,,,,,,,,,,,,,West Indies
ST Gabriel,2013,2013,2,,,,,,,,,,,,,West Indies
A Martin,2011,2011,1,,,,,,,,,,,,,West Indies
V Permaul,2018,2018,1,,,,,,,,,,,,,West Indies
DC Thomas,2009,2013,3,,,,,,,,,,,,,West Indies
GC Tonge,2009,2009,1,,,,,,,,,,,,,West Indies
MJ Guptill,2009,2018,75,73.0,7.0,2271.0,105,34.4,1709.0,132.88,2.0,14.0,2.0,200.0,103.0,New Zealand
BB McCullum,2005,2015,71,70.0,10.0,2140.0,123,35.66,1571.0,136.21,2.0,13.0,3.0,199.0,91.0,New Zealand
LRPL Taylor,2006,2018,84,76.0,18.0,1467.0,63,25.29,1210.0,121.23,0.0,5.0,4.0,94.0,55.0,New Zealand
KS Williamson,2011,2018,54,52.0,7.0,1424.0,73,31.64,1176.0,121.08,0.0,9.0,2.0,152.0,23.0,New Zealand
C Munro,2012,2018,48,45.0,7.0,1277.0,109,33.6,792.0,161.23,3.0,8.0,4.0,95.0,83.0,New Zealand
SB Styris,2005,2010,31,29.0,2.0,578.0,66,21.4,483.0,119.66,0.0,1.0,0.0,40.0,25.0,New Zealand
CJ Anderson,2012,2018,31,24.0,4.0,485.0,94,24.25,351.0,138.17,0.0,2.0,3.0,30.0,26.0,New Zealand
JDP Oram,2005,2012,36,30.0,7.0,474.0,66,20.6,339.0,139.82,0.0,2.0,3.0,38.0,22.0,New Zealand
JEC Franklin,2006,2013,38,31.0,8.0,463.0,60,20.13,391.0,118.41,0.0,2.0,2.0,28.0,23.0,New Zealand
JD Ryder,2008,2014,22,21.0,1.0,457.0,62,22.85,358.0,127.65,0.0,3.0,2.0,47.0,18.0,New Zealand
RJ Nicol,2010,2013,21,19.0,0.0,327.0,58,17.21,296.0,110.47,0.0,2.0,2.0,33.0,11.0,New Zealand
L Ronchi,2013,2017,29,23.0,6.0,312.0,51,18.35,227.0,137.44,0.0,1.0,4.0,22.0,13.0,New Zealand
NL McCullum,2007,2016,63,41.0,15.0,299.0,36,11.5,297.0,100.67,0.0,0.0,4.0,19.0,8.0,New Zealand
TC Bruce,2017,2018,14,14.0,2.0,226.0,59,18.83,176.0,128.4,0.0,1.0,0.0,21.0,7.0,New Zealand
DL Vettori,2007,2014,34,22.0,6.0,205.0,38,12.81,190.0,107.89,0.0,0.0,3.0,14.0,2.0,New Zealand
CD McMillan,2005,2007,8,7.0,1.0,187.0,57,31.16,117.0,159.82,0.0,1.0,0.0,8.0,14.0,New Zealand
C de Grandhomme,2012,2018,22,20.0,7.0,178.0,41,13.69,129.0,137.98,0.0,0.0,2.0,9.0,11.0,New Zealand
L Vincent,2006,2007,9,9.0,0.0,174.0,42,19.33,174.0,100.0,0.0,0.0,1.0,17.0,3.0,New Zealand
MJ Santner,2015,2018,27,17.0,6.0,170.0,37,15.45,132.0,128.78,0.0,0.0,2.0,15.0,5.0,New Zealand
TWM Latham,2012,2017,13,10.0,0.0,163.0,39,16.3,157.0,103.82,0.0,0.0,0.0,12.0,2.0,New Zealand
GD Elliott,2009,2016,16,14.0,4.0,157.0,27,15.7,149.0,105.36,0.0,0.0,0.0,10.0,2.0,New Zealand
HD Rutherford,2013,2013,7,6.0,0.0,151.0,62,25.16,104.0,145.19,0.0,1.0,0.0,12.0,9.0,New Zealand
GD Phillips,2017,2018,11,10.0,1.0,140.0,56,15.55,140.0,100.0,0.0,1.0,0.0,9.0,5.0,New Zealand
KD Mills,2005,2014,42,19.0,7.0,137.0,33,11.41,123.0,111.38,0.0,0.0,4.0,11.0,5.0,New Zealand
TG Southee,2008,2018,54,23.0,7.0,132.0,23,8.25,96.0,137.5,0.0,0.0,4.0,12.0,7.0,New Zealand
PG Fulton,2006,2012,12,12.0,1.0,127.0,25,11.54,140.0,90.71,0.0,0.0,2.0,7.0,6.0,New Zealand
AJ Redmond,2009,2010,7,6.0,0.0,126.0,63,21.0,84.0,150.0,0.0,1.0,0.0,19.0,2.0,New Zealand
JDS Neesham,2012,2017,15,12.0,3.0,122.0,28,13.55,93.0,131.18,0.0,0.0,1.0,15.0,3.0,New Zealand
AP Devcich,2013,2014,4,4.0,0.0,111.0,59,27.75,79.0,140.5,0.0,1.0,0.0,17.0,2.0,New Zealand
SP Fleming,2005,2006,5,5.0,0.0,110.0,38,22.0,85.0,129.41,0.0,0.0,0.0,20.0,0.0,New Zealand
GH Worker,2015,2015,2,2.0,0.0,90.0,62,45.0,64.0,140.62,0.0,1.0,0.0,6.0,5.0,New Zealand
GJ Hopkins,2007,2010,10,8.0,0.0,86.0,36,10.75,71.0,121.12,0.0,0.0,0.0,5.0,5.0,New Zealand
MS Chapman,2018,2018,5,5.0,1.0,83.0,37,20.75,69.0,120.28,0.0,0.0,0.0,4.0,4.0,New Zealand
DAJ Bracewell,2011,2018,17,9.0,5.0,77.0,21,19.25,57.0,135.08,0.0,0.0,2.0,5.0,4.0,New Zealand
NJ Astle,2005,2006,4,4.0,1.0,74.0,40,24.66,67.0,110.44,0.0,0.0,0.0,7.0,2.0,New Zealand
NT Broom,2009,2017,11,7.0,1.0,73.0,36,12.16,68.0,107.35,0.0,0.0,0.0,8.0,1.0,New Zealand
PD McGlashan,2006,2010,11,9.0,1.0,61.0,26,7.62,64.0,95.31,0.0,0.0,0.0,6.0,2.0,New Zealand
DR Flynn,2008,2012,5,5.0,0.0,59.0,23,11.8,51.0,115.68,0.0,0.0,0.0,1.0,4.0,New Zealand
JM How,2007,2008,5,5.0,0.0,56.0,31,11.2,67.0,83.58,0.0,0.0,0.0,5.0,1.0,New Zealand
IS Sodhi,2014,2018,29,6.0,3.0,50.0,15,16.66,49.0,102.04,0.0,0.0,1.0,4.0,2.0,New Zealand
TL Seifert,2018,2018,7,6.0,1.0,40.0,14,8.0,29.0,137.93,0.0,0.0,2.0,2.0,4.0,New Zealand
AK Kitchen,2017,2018,5,4.0,1.0,38.0,16,12.66,32.0,118.75,0.0,0.0,0.0,3.0,1.0,New Zealand
BJ Watling,2009,2014,5,4.0,0.0,38.0,22,9.5,58.0,65.51,0.0,0.0,0.0,3.0,0.0,New Zealand
RM Hira,2012,2013,15,3.0,1.0,37.0,20,18.5,33.0,112.12,0.0,0.0,0.0,4.0,1.0,New Zealand
BM Wheeler,2017,2018,6,4.0,2.0,37.0,30,18.5,28.0,132.14,0.0,0.0,0.0,3.0,2.0,New Zealand
AM Ellis,2012,2013,5,5.0,2.0,25.0,16,8.33,21.0,119.04,0.0,0.0,0.0,1.0,1.0,New Zealand
PJ Ingram,2010,2010,3,3.0,1.0,22.0,20,11.0,35.0,62.85,0.0,0.0,1.0,3.0,0.0,New Zealand
SE Bond,2005,2010,20,8.0,3.0,21.0,8,4.2,21.0,100.0,0.0,0.0,2.0,2.0,0.0,New Zealand
MR Gillespie,2006,2008,11,6.0,4.0,21.0,7,10.5,29.0,72.41,0.0,0.0,0.0,0.0,0.0,New Zealand
AF Milne,2010,2018,21,8.0,8.0,21.0,10,,23.0,91.3,0.0,0.0,0.0,1.0,0.0,New Zealand
JW Wilson,2005,2005,1,1.0,0.0,18.0,18,18.0,14.0,128.57,0.0,0.0,0.0,2.0,0.0,New Zealand
TA Blundell,2017,2018,3,2.0,1.0,17.0,14,17.0,21.0,80.95,0.0,0.0,0.0,0.0,0.0,New Zealand
HM Nicholls,2016,2017,4,3.0,0.0,15.0,7,5.0,22.0,68.18,0.0,0.0,0.0,2.0,0.0,New Zealand
TA Boult,2013,2018,25,7.0,3.0,14.0,5,3.5,24.0,58.33,0.0,0.0,1.0,0.0,0.0,New Zealand
MJ McClenaghan,2012,2016,28,7.0,4.0,14.0,6,4.66,15.0,93.33,0.0,0.0,2.0,1.0,1.0,New Zealand
JAH Marshall,2005,2008,3,2.0,0.0,14.0,13,7.0,15.0,93.33,0.0,0.0,0.0,2.0,0.0,New Zealand
AR Adams,2005,2006,4,2.0,1.0,13.0,7,13.0,12.0,108.33,0.0,0.0,0.0,1.0,0.0,New Zealand
PA Hitchcock,2008,2008,1,1.0,0.0,13.0,13,13.0,11.0,118.18,0.0,0.0,0.0,1.0,1.0,New Zealand
HJH Marshall,2005,2006,3,3.0,0.0,12.0,8,4.0,14.0,85.71,0.0,0.0,0.0,0.0,0.0,New Zealand
MJ Henry,2014,2017,6,2.0,1.0,10.0,10,10.0,5.0,200.0,0.0,0.0,0.0,2.0,0.0,New Zealand
JS Patel,2005,2008,11,4.0,1.0,9.0,5,3.0,14.0,64.28,0.0,0.0,1.0,1.0,0.0,New Zealand
DG Brownlie,2010,2014,5,5.0,0.0,6.0,5,1.2,18.0,33.33,0.0,0.0,3.0,1.0,0.0,New Zealand
IG Butler,2009,2013,19,6.0,5.0,5.0,2,5.0,10.0,50.0,0.0,0.0,0.0,0.0,0.0,New Zealand
CS Martin,2007,2008,6,1.0,1.0,5.0,5,,6.0,83.33,0.0,0.0,0.0,0.0,0.0,New Zealand
DR Tuffey,2005,2010,3,2.0,1.0,5.0,5,5.0,5.0,100.0,0.0,0.0,1.0,1.0,0.0,New Zealand
CL Cairns,2005,2006,2,2.0,0.0,3.0,2,1.5,13.0,23.07,0.0,0.0,0.0,0.0,0.0,New Zealand
MJ Mason,2006,2008,3,1.0,0.0,2.0,2,2.0,2.0,100.0,0.0,0.0,0.0,0.0,0.0,New Zealand
SHA Rance,2017,2018,5,2.0,0.0,2.0,1,1.0,4.0,50.0,0.0,0.0,0.0,0.0,0.0,New Zealand
TD Astle,2016,2016,2,1.0,0.0,1.0,1,1.0,5.0,20.0,0.0,0.0,0.0,0.0,0.0,New Zealand
LH Ferguson,2017,2018,2,1.0,0.0,1.0,1,1.0,3.0,33.33,0.0,0.0,0.0,0.0,0.0,New Zealand
EP Thompson,2008,2008,1,1.0,1.0,1.0,1,,1.0,100.0,0.0,0.0,0.0,0.0,0.0,New Zealand
AJ McKay,2010,2010,2,1.0,0.0,0.0,0,0.0,1.0,0.0,0.0,0.0,1.0,0.0,0.0,New Zealand
MS Sinclair,2005,2007,2,2.0,0.0,0.0,0,0.0,5.0,0.0,0.0,0.0,2.0,0.0,0.0,New Zealand
GW Aldridge,2011,2011,1,,,,,,,,,,,,,New Zealand
MD Bates,2012,2012,3,,,,,,,,,,,,,New Zealand
BJ Diamanti,2009,2009,1,,,,,,,,,,,,,New Zealand
IE O'Brien,2009,2009,4,,,,,,,,,,,,,New Zealand
AY Patel,2018,2018,2,,,,,,,,,,,,,New Zealand
LJ Woodcock,2010,2011,3,,,,,,,,,,,,,New Zealand
RG Sharma,2007,2018,90,82.0,14.0,2237.0,118,32.89,1619.0,138.17,4.0,15.0,6.0,201.0,98.0,India
V Kohli,2010,2018,65,60.0,16.0,2167.0,90,49.25,1592.0,136.11,0.0,19.0,2.0,218.0,48.0,India
SK Raina,2006,2018,78,66.0,11.0,1605.0,101,29.18,1190.0,134.87,1.0,5.0,3.0,145.0,58.0,India
MS Dhoni,2006,2018,93,80.0,40.0,1487.0,56,37.17,1170.0,127.09,0.0,2.0,1.0,107.0,47.0,India
S Dhawan,2011,2018,46,45.0,3.0,1232.0,92,29.33,927.0,132.9,0.0,9.0,1.0,138.0,39.0,India
Yuvraj Singh,2007,2017,58,51.0,9.0,1177.0,77,28.02,863.0,136.38,0.0,8.0,1.0,77.0,74.0,India
G Gambhir,2007,2012,37,36.0,2.0,932.0,75,27.41,783.0,119.02,0.0,7.0,2.0,109.0,10.0,India
KL Rahul,2016,2018,25,22.0,4.0,782.0,110,43.44,527.0,148.38,2.0,4.0,1.0,67.0,36.0,India
MK Pandey,2015,2018,28,23.0,10.0,538.0,79,41.38,438.0,122.83,0.0,2.0,2.0,35.0,16.0,India
V Sehwag,2006,2012,19,18.0,0.0,394.0,68,21.88,271.0,145.38,0.0,2.0,1.0,43.0,16.0,India
AM Rahane,2011,2016,20,20.0,2.0,375.0,61,20.83,331.0,113.29,0.0,1.0,2.0,32.0,6.0,India
KD Karthik,2006,2018,26,21.0,12.0,352.0,48,39.11,245.0,143.67,0.0,0.0,1.0,40.0,11.0,India
HH Pandya,2016,2018,35,22.0,6.0,271.0,33,16.93,177.0,153.1,0.0,0.0,2.0,15.0,17.0,India
RV Uthappa,2007,2015,13,12.0,2.0,249.0,50,24.9,211.0,118.0,0.0,1.0,1.0,26.0,6.0,India
YK Pathan,2007,2012,22,18.0,5.0,236.0,37,18.15,161.0,146.58,0.0,0.0,3.0,11.0,17.0,India
IK Pathan,2006,2012,24,14.0,7.0,172.0,33,24.57,144.0,119.44,0.0,0.0,0.0,9.0,7.0,India
M Vijay,2010,2015,9,9.0,0.0,169.0,48,18.77,154.0,109.74,0.0,0.0,1.0,13.0,8.0,India
RR Pant,2017,2018,10,9.0,1.0,157.0,58,19.62,134.0,117.16,0.0,1.0,1.0,12.0,6.0,India
R Ashwin,2010,2017,46,11.0,7.0,123.0,31,30.75,115.0,106.95,0.0,0.0,0.0,14.0,1.0,India
KM Jadhav,2015,2017,9,6.0,0.0,122.0,58,20.33,99.0,123.23,0.0,1.0,0.0,12.0,3.0,India
RA Jadeja,2009,2017,40,18.0,6.0,116.0,25,9.66,124.0,93.54,0.0,0.0,2.0,6.0,2.0,India
Harbhajan Singh,2006,2016,28,13.0,5.0,108.0,21,13.5,87.0,124.13,0.0,0.0,1.0,11.0,4.0,India
Mandeep Singh,2016,2016,3,3.0,1.0,87.0,52,43.5,73.0,119.17,0.0,1.0,0.0,11.0,1.0,India
SS Iyer,2017,2017,6,5.0,0.0,83.0,30,16.6,80.0,103.75,0.0,0.0,1.0,8.0,1.0,India
AR Patel,2015,2018,11,7.0,3.0,68.0,20,17.0,54.0,125.92,0.0,0.0,0.0,3.0,3.0,India
S Badrinath,2011,2011,1,1.0,0.0,43.0,43,43.0,37.0,116.21,0.0,0.0,0.0,5.0,0.0,India
AT Rayudu,2014,2016,6,5.0,1.0,42.0,20,10.5,50.0,84.0,0.0,0.0,2.0,5.0,0.0,India
D Mongia,2006,2006,1,1.0,0.0,38.0,38,38.0,45.0,84.44,0.0,0.0,0.0,4.0,1.0,India
PA Patel,2011,2011,2,2.0,0.0,36.0,26,18.0,32.0,112.5,0.0,0.0,0.0,4.0,1.0,India
STR Binny,2015,2016,3,2.0,0.0,35.0,24,17.5,29.0,120.68,0.0,0.0,0.0,2.0,1.0,India
R Dravid,2011,2011,1,1.0,0.0,31.0,31,31.0,21.0,147.61,0.0,0.0,0.0,0.0,3.0,India
A Nehra,2009,2017,27,5.0,0.0,28.0,22,5.6,39.0,71.79,0.0,0.0,3.0,1.0,2.0,India
KH Pandya,2018,2018,6,2.0,1.0,23.0,21,23.0,13.0,176.92,0.0,0.0,0.0,3.0,0.0,India
AB Dinda,2009,2012,9,2.0,1.0,22.0,19,22.0,24.0,91.66,0.0,0.0,0.0,1.0,0.0,India
B Kumar,2012,2018,34,8.0,5.0,22.0,9,7.33,26.0,84.61,0.0,0.0,1.0,0.0,0.0,India
Kuldeep Yadav,2017,2018,17,2.0,1.0,20.0,16,20.0,20.0,100.0,0.0,0.0,0.0,2.0,0.0,India
S Sreesanth,2006,2008,10,3.0,2.0,20.0,19,20.0,14.0,142.85,0.0,0.0,1.0,4.0,0.0,India
SV Samson,2015,2015,1,1.0,0.0,19.0,19,19.0,24.0,79.16,0.0,0.0,0.0,1.0,0.0,India
V Shankar,2018,2018,5,1.0,0.0,17.0,17,17.0,19.0,89.47,0.0,0.0,0.0,3.0,0.0,India
AB Agarkar,2006,2007,4,2.0,0.0,15.0,14,7.5,11.0,136.36,0.0,0.0,0.0,2.0,0.0,India
MK Tiwary,2011,2012,3,1.0,0.0,15.0,15,15.0,17.0,88.23,0.0,0.0,0.0,0.0,0.0,India
Z Khan,2006,2012,17,4.0,2.0,13.0,9,6.5,10.0,130.0,0.0,0.0,0.0,0.0,1.0,India
NV Ojha,2010,2010,2,2.0,0.0,12.0,10,6.0,27.0,44.44,0.0,0.0,0.0,2.0,0.0,India
PP Ojha,2009,2010,6,1.0,1.0,10.0,10,,6.0,166.66,0.0,0.0,0.0,0.0,1.0,India
SR Tendulkar,2006,2006,1,1.0,0.0,10.0,10,10.0,12.0,83.33,0.0,0.0,0.0,2.0,0.0,India
JJ Bumrah,2016,2018,40,6.0,4.0,8.0,7,4.0,13.0,61.53,0.0,0.0,1.0,1.0,0.0,India
I Sharma,2008,2013,14,3.0,2.0,8.0,5,8.0,9.0,88.88,0.0,0.0,1.0,1.0,0.0,India
P Kumar,2008,2012,10,3.0,0.0,7.0,6,2.33,16.0,43.75,0.0,0.0,1.0,0.0,0.0,India
Parvez Rasool,2017,2017,1,1.0,0.0,5.0,5,5.0,6.0,83.33,0.0,0.0,0.0,0.0,0.0,India
YS Chahal,2016,2018,27,1.0,1.0,3.0,3,,2.0,150.0,0.0,0.0,0.0,0.0,0.0,India
MM Sharma,2014,2015,8,2.0,2.0,3.0,3,,7.0,42.85,0.0,0.0,0.0,0.0,0.0,India
RP Singh,2007,2009,10,2.0,2.0,3.0,2,,3.0,100.0,0.0,0.0,0.0,0.0,0.0,India
R Vinay Kumar,2010,2013,9,1.0,1.0,2.0,2,,4.0,50.0,0.0,0.0,0.0,0.0,0.0,India
R Dhawan,2016,2016,1,1.0,1.0,1.0,1,,2.0,50.0,0.0,0.0,0.0,0.0,0.0,India
DS Kulkarni,2016,2016,2,1.0,1.0,1.0,1,,1.0,100.0,0.0,0.0,0.0,0.0,0.0,India
Sandeep Sharma,2015,2015,2,1.0,1.0,1.0,1,,1.0,100.0,0.0,0.0,0.0,0.0,0.0,India
PP Chawla,2010,2012,7,1.0,0.0,0.0,0,0.0,1.0,0.0,0.0,0.0,1.0,0.0,0.0,India
A Mishra,2010,2017,10,1.0,0.0,0.0,0,0.0,0.0,,0.0,0.0,1.0,0.0,0.0,India
MM Patel,2011,2011,3,1.0,0.0,0.0,0,0.0,1.0,0.0,0.0,0.0,1.0,0.0,0.0,India
Washington Sundar,2017,2018,7,1.0,1.0,0.0,0,,0.0,,0.0,0.0,0.0,0.0,0.0,India
KK Ahmed,2018,2018,6,,,,,,,,,,,,,India
S Aravind,2015,2015,1,,,,,,,,,,,,,India
P Awana,2012,2012,2,,,,,,,,,,,,,India
L Balaji,2012,2012,5,,,,,,,,,,,,,India
DL Chahar,2018,2018,1,,,,,,,,,,,,,India
Joginder Sharma,2007,2007,4,,,,,,,,,,,,,India
M Kartik,2007,2007,1,,,,,,,,,,,,,India
S Kaul,2018,2018,2,,,,,,,,,,,,,India
Mohammed Shami,2014,2017,7,,,,,,,,,,,,,India
Mohammed Siraj,2017,2018,3,,,,,,,,,,,,,India
P Negi,2016,2016,1,,,,,,,,,,,,,India
KV Sharma,2014,2014,1,,,,,,,,,,,,,India
R Sharma,2012,2012,2,,,,,,,,,,,,,India
BB Sran,2016,2016,2,,,,,,,,,,,,,India
SN Thakur,2018,2018,7,,,,,,,,,,,,,India
S Tyagi,2009,2009,1,,,,,,,,,,,,,India
JD Unadkat,2016,2018,10,,,,,,,,,,,,,India
UT Yadav,2012,2018,6,,,,,,,,,,,,,India
Shoaib Malik,2006,2018,107,100.0,30.0,2178.0,75,31.11,1763.0,123.53,0.0,7.0,1.0,177.0,60.0,Pakistan
Mohammad Hafeez,2006,2018,89,86.0,8.0,1908.0,86,24.46,1643.0,116.12,0.0,10.0,6.0,196.0,51.0,Pakistan
Umar Akmal,2009,2016,82,77.0,14.0,1690.0,94,26.82,1375.0,122.9,0.0,8.0,8.0,122.0,55.0,Pakistan
Ahmed Shehzad,2009,2018,57,57.0,2.0,1454.0,111,26.43,1257.0,115.67,1.0,7.0,2.0,157.0,32.0,Pakistan
Shahid Afridi,2006,2016,98,90.0,12.0,1405.0,54,18.01,932.0,150.75,0.0,4.0,8.0,102.0,73.0,Pakistan
Babar Azam,2016,2018,26,26.0,7.0,1031.0,97,54.26,829.0,124.36,0.0,8.0,0.0,98.0,13.0,Pakistan
Kamran Akmal,2006,2017,58,53.0,6.0,987.0,73,21.0,825.0,119.63,0.0,5.0,7.0,100.0,31.0,Pakistan
Misbah-ul-Haq,2007,2012,39,34.0,13.0,788.0,87,37.52,715.0,110.2,0.0,3.0,2.0,45.0,26.0,Pakistan
Sarfraz Ahmed,2010,2018,54,38.0,12.0,745.0,89,28.65,579.0,128.67,0.0,3.0,2.0,74.0,14.0,Pakistan
Fakhar Zaman,2017,2018,26,25.0,0.0,706.0,91,28.24,505.0,139.8,0.0,4.0,0.0,79.0,21.0,Pakistan
Salman Butt,2007,2010,24,23.0,2.0,595.0,74,28.33,551.0,107.98,0.0,3.0,1.0,66.0,10.0,Pakistan
Imran Nazir,2007,2012,25,24.0,1.0,500.0,72,21.73,370.0,135.13,0.0,3.0,2.0,59.0,22.0,Pakistan
Younis Khan,2006,2010,25,23.0,3.0,442.0,51,22.1,364.0,121.42,0.0,2.0,2.0,31.0,12.0,Pakistan
Abdul Razzaq,2006,2013,32,29.0,10.0,393.0,46,20.68,337.0,116.61,0.0,0.0,2.0,21.0,21.0,Pakistan
Nasir Jamshed,2012,2013,18,18.0,1.0,363.0,56,21.35,320.0,113.43,0.0,2.0,1.0,34.0,12.0,Pakistan
Sharjeel Khan,2013,2016,15,15.0,0.0,360.0,59,24.0,262.0,137.4,0.0,2.0,0.0,48.0,13.0,Pakistan
Hussain Talat,2018,2018,11,11.0,1.0,273.0,63,27.3,232.0,117.67,0.0,1.0,1.0,23.0,4.0,Pakistan
Asif Ali,2018,2018,16,15.0,6.0,237.0,41,26.33,171.0,138.59,0.0,0.0,1.0,11.0,15.0,Pakistan
Khalid Latif,2008,2016,13,13.0,2.0,237.0,59,21.54,229.0,103.49,0.0,1.0,1.0,25.0,6.0,Pakistan
Sohaib Maqsood,2013,2016,20,18.0,2.0,221.0,37,13.81,201.0,109.95,0.0,0.0,2.0,15.0,8.0,Pakistan
Sohail Tanvir,2007,2017,57,25.0,8.0,196.0,41,11.52,164.0,119.51,0.0,0.0,2.0,16.0,9.0,Pakistan
Fawad Alam,2007,2010,24,17.0,6.0,194.0,28,17.63,169.0,114.79,0.0,0.0,1.0,7.0,7.0,Pakistan
Asad Shafiq,2010,2012,10,10.0,0.0,192.0,38,19.2,185.0,103.78,0.0,0.0,0.0,19.0,2.0,Pakistan
Mukhtar Ahmed,2015,2015,6,6.0,0.0,192.0,83,32.0,134.0,143.28,0.0,2.0,0.0,23.0,5.0,Pakistan
Umar Gul,2007,2016,60,27.0,9.0,165.0,32,9.16,156.0,105.76,0.0,0.0,6.0,11.0,10.0,Pakistan
Umar Amin,2013,2018,14,9.0,0.0,142.0,47,15.77,123.0,115.44,0.0,0.0,3.0,15.0,4.0,Pakistan
Imad Wasim,2015,2018,31,19.0,8.0,140.0,24,12.72,92.0,152.17,0.0,0.0,5.0,10.0,7.0,Pakistan
Wahab Riaz,2008,2017,27,14.0,4.0,126.0,30,12.6,107.0,117.75,0.0,0.0,2.0,9.0,5.0,Pakistan
Shahzaib Hasan,2009,2010,10,10.0,0.0,116.0,35,11.6,130.0,89.23,0.0,0.0,3.0,13.0,3.0,Pakistan
Anwar Ali,2008,2016,16,11.0,4.0,109.0,46,15.57,77.0,141.55,0.0,0.0,0.0,6.0,6.0,Pakistan
Mohammad Rizwan,2015,2016,10,7.0,1.0,106.0,33,17.66,109.0,97.24,0.0,0.0,0.0,9.0,1.0,Pakistan
Faheem Ashraf,2017,2018,23,14.0,6.0,96.0,21,12.0,79.0,121.51,0.0,0.0,4.0,5.0,6.0,Pakistan
Yasir Arafat,2007,2012,13,11.0,4.0,92.0,17,13.14,79.0,116.45,0.0,0.0,0.0,8.0,2.0,Pakistan
Saeed Ajmal,2009,2015,64,23.0,12.0,91.0,21,8.27,86.0,105.81,0.0,0.0,3.0,7.0,2.0,Pakistan
Haris Sohail,2013,2018,9,8.0,2.0,90.0,30,15.0,87.0,103.44,0.0,0.0,1.0,6.0,1.0,Pakistan
Shadab Khan,2017,2018,29,8.0,2.0,86.0,29,14.33,68.0,126.47,0.0,0.0,1.0,4.0,3.0,Pakistan
Imran Farhat,2010,2011,7,7.0,0.0,76.0,19,10.85,70.0,108.57,0.0,0.0,1.0,14.0,0.0,Pakistan
Awais Zia,2012,2014,5,5.0,0.0,70.0,23,14.0,80.0,87.5,0.0,0.0,0.0,4.0,3.0,Pakistan
Shoaib Khan jnr,2008,2008,4,4.0,0.0,65.0,50,16.25,74.0,87.83,0.0,1.0,1.0,7.0,0.0,Pakistan
Mohammad Yousuf,2006,2010,3,3.0,0.0,50.0,26,16.66,43.0,116.27,0.0,0.0,0.0,5.0,1.0,Pakistan
Hasan Ali,2016,2018,27,7.0,4.0,49.0,23,16.33,28.0,175.0,0.0,0.0,2.0,3.0,4.0,Pakistan
Mohammad Amir,2009,2018,41,10.0,4.0,44.0,21,7.33,57.0,77.19,0.0,0.0,1.0,1.0,2.0,Pakistan
Saad Nasim,2014,2014,3,2.0,0.0,44.0,25,22.0,53.0,83.01,0.0,0.0,0.0,0.0,1.0,Pakistan
Sahibzada Farhan,2018,2018,3,3.0,0.0,40.0,39,13.33,46.0,86.95,0.0,0.0,1.0,2.0,3.0,Pakistan
Rafatullah Mohmand,2015,2015,3,3.0,0.0,39.0,23,13.0,45.0,86.66,0.0,0.0,1.0,4.0,0.0,Pakistan
Hammad Azam,2012,2013,5,4.0,1.0,34.0,21,11.33,34.0,100.0,0.0,0.0,0.0,3.0,1.0,Pakistan
Zulfiqar Babar,2013,2014,7,3.0,3.0,27.0,13,,27.0,100.0,0.0,0.0,0.0,2.0,1.0,Pakistan
Rameez Raja (2),2011,2011,2,2.0,0.0,24.0,23,12.0,29.0,82.75,0.0,0.0,0.0,2.0,0.0,Pakistan
Bilawal Bhatti,2013,2015,9,4.0,2.0,23.0,13,11.5,14.0,164.28,0.0,0.0,1.0,2.0,1.0,Pakistan
Zulqarnain Haider,2007,2010,3,3.0,0.0,23.0,17,7.66,30.0,76.66,0.0,0.0,0.0,1.0,0.0,Pakistan
Abdur Rehman,2007,2013,8,5.0,3.0,22.0,7,11.0,29.0,75.86,0.0,0.0,0.0,0.0,0.0,Pakistan
Mohammad Sami,2010,2016,13,4.0,3.0,21.0,8,21.0,30.0,70.0,0.0,0.0,0.0,2.0,0.0,Pakistan
Shoaib Akhtar,2006,2010,15,6.0,3.0,21.0,8,7.0,16.0,131.25,0.0,0.0,1.0,2.0,1.0,Pakistan
Nauman Anwar,2015,2015,1,1.0,0.0,18.0,18,18.0,10.0,180.0,0.0,0.0,0.0,2.0,1.0,Pakistan
Naved-ul-Hasan,2006,2010,4,2.0,1.0,18.0,17,18.0,16.0,112.5,0.0,0.0,0.0,0.0,2.0,Pakistan
Raza Hasan,2012,2014,10,4.0,4.0,18.0,13,,25.0,72.0,0.0,0.0,0.0,2.0,0.0,Pakistan
Aamer Yamin,2015,2018,2,1.0,1.0,15.0,15,,6.0,250.0,0.0,0.0,0.0,1.0,1.0,Pakistan
Mohammad Nawaz (3),2016,2018,16,2.0,0.0,13.0,7,6.5,20.0,65.0,0.0,0.0,0.0,1.0,0.0,Pakistan
Inzamam-ul-Haq,2006,2006,1,1.0,1.0,11.0,11,,15.0,73.33,0.0,0.0,0.0,0.0,1.0,Pakistan
Khurram Manzoor,2016,2016,3,3.0,0.0,11.0,10,3.66,27.0,40.74,0.0,0.0,1.0,1.0,0.0,Pakistan
Yasir Shah,2011,2011,2,1.0,1.0,11.0,11,,7.0,157.14,0.0,0.0,0.0,1.0,0.0,Pakistan
Mohammad Asif,2006,2010,11,3.0,3.0,9.0,5,,3.0,300.0,0.0,0.0,0.0,2.0,0.0,Pakistan
Mohammad Salman,2011,2011,1,1.0,0.0,5.0,5,5.0,6.0,83.33,0.0,0.0,0.0,0.0,0.0,Pakistan
Mohammad Irfan,2012,2016,20,4.0,4.0,4.0,2,,8.0,50.0,0.0,0.0,0.0,0.0,0.0,Pakistan
Junaid Khan,2011,2014,9,2.0,2.0,3.0,3,,4.0,75.0,0.0,0.0,0.0,0.0,0.0,Pakistan
Usman Shinwari,2013,2018,13,2.0,2.0,2.0,2,,3.0,66.66,0.0,0.0,0.0,0.0,0.0,Pakistan
Sohail Khan,2008,2017,5,1.0,1.0,1.0,1,,1.0,100.0,0.0,0.0,0.0,0.0,0.0,Pakistan
Aizaz Cheema,2011,2012,5,1.0,1.0,0.0,0,,3.0,0.0,0.0,0.0,0.0,0.0,0.0,Pakistan
Iftikhar Ahmed,2016,2016,1,1.0,1.0,0.0,0,,0.0,,0.0,0.0,0.0,0.0,0.0,Pakistan
Imran Khan (1),2015,2015,3,1.0,0.0,0.0,0,0.0,1.0,0.0,0.0,0.0,1.0,0.0,0.0,Pakistan
Rumman Raees,2016,2018,8,1.0,1.0,0.0,0,,0.0,,0.0,0.0,0.0,0.0,0.0,Pakistan
Shakeel Ansar,2012,2012,2,1.0,0.0,0.0,0,0.0,1.0,0.0,0.0,0.0,1.0,0.0,0.0,Pakistan
Abdur Rauf,2008,2008,1,,,,,,,,,,,,,Pakistan
Asad Ali,2013,2013,2,,,,,,,,,,,,,Pakistan
Iftikhar Anjum,2007,2009,2,,,,,,,,,,,,,Pakistan
Mansoor Amjad,2008,2008,1,,,,,,,,,,,,,Pakistan
Shabbir Ahmed,2007,2007,1,,,,,,,,,,,,,Pakistan
Shaheen Shah Afridi,2018,2018,7,,,,,,,,,,,,,Pakistan
Tanvir Ahmed,2010,2010,1,,,,,,,,,,,,,Pakistan
Waqas Maqsood,2018,2018,1,,,,,,,,,,,,,Pakistan
TM Dilshan,2006,2016,80,79.0,12.0,1889.0,104,28.19,1567.0,120.54,1.0,13.0,10.0,223.0,33.0,Sri Lanka
DPMD Jayawardene,2006,2014,55,55.0,8.0,1493.0,100,31.76,1121.0,133.18,1.0,9.0,4.0,173.0,33.0,Sri Lanka
KC Sangakkara,2006,2014,56,53.0,9.0,1382.0,78,31.4,1156.0,119.55,0.0,8.0,2.0,139.0,20.0,Sri Lanka
AD Mathews,2009,2018,72,57.0,18.0,1055.0,81,27.05,893.0,118.14,0.0,5.0,1.0,67.0,35.0,Sri Lanka
MDKJ Perera,2013,2018,35,35.0,0.0,1023.0,84,29.22,743.0,137.68,0.0,10.0,0.0,102.0,38.0,Sri Lanka
NLTC Perera,2010,2018,71,62.0,20.0,920.0,58,21.9,619.0,148.62,0.0,2.0,8.0,71.0,46.0,Sri Lanka
LD Chandimal,2010,2018,54,47.0,4.0,800.0,58,18.6,766.0,104.43,0.0,4.0,0.0,73.0,16.0,Sri Lanka
CK Kapugedera,2006,2017,43,38.0,7.0,703.0,50,22.67,591.0,118.95,0.0,1.0,0.0,58.0,25.0,Sri Lanka
ST Jayasuriya,2006,2011,31,30.0,3.0,629.0,88,23.29,487.0,129.15,0.0,4.0,4.0,76.0,23.0,Sri Lanka
WU Tharanga,2006,2018,26,26.0,1.0,407.0,47,16.28,330.0,123.33,0.0,0.0,3.0,42.0,12.0,Sri Lanka
BKG Mendis,2016,2018,16,16.0,0.0,333.0,70,20.81,223.0,149.32,0.0,4.0,0.0,29.0,16.0,Sri Lanka
MD Shanaka,2015,2018,26,26.0,5.0,329.0,54,15.66,291.0,113.05,0.0,1.0,6.0,23.0,19.0,Sri Lanka
MD Gunathilaka,2016,2018,15,15.0,0.0,310.0,51,20.66,248.0,125.0,0.0,1.0,0.0,29.0,10.0,Sri Lanka
HDRL Thirimanne,2012,2016,26,20.0,2.0,291.0,44,16.16,267.0,108.98,0.0,0.0,1.0,27.0,5.0,Sri Lanka
TAM Siriwardana,2015,2017,22,19.0,3.0,275.0,42,17.18,208.0,132.21,0.0,0.0,4.0,16.0,12.0,Sri Lanka
N Dickwella,2016,2018,14,13.0,0.0,252.0,68,19.38,186.0,135.48,0.0,1.0,0.0,37.0,5.0,Sri Lanka
J Mubarak,2007,2009,16,15.0,4.0,238.0,46,21.63,188.0,126.59,0.0,0.0,2.0,21.0,8.0,Sri Lanka
DAS Gunaratne,2016,2017,12,12.0,3.0,225.0,84,25.0,178.0,126.4,0.0,2.0,2.0,19.0,6.0,Sri Lanka
DM de Silva,2015,2018,9,9.0,0.0,215.0,62,23.88,199.0,108.04,0.0,1.0,0.0,16.0,4.0,Sri Lanka
KMDN Kulasekara,2008,2017,58,30.0,9.0,215.0,31,10.23,184.0,116.84,0.0,0.0,4.0,14.0,7.0,Sri Lanka
EMDY Munaweera,2012,2017,13,13.0,1.0,215.0,53,17.91,164.0,131.09,0.0,1.0,1.0,25.0,7.0,Sri Lanka
S Prasanna,2013,2017,20,20.0,6.0,214.0,37,15.28,161.0,132.91,0.0,0.0,0.0,13.0,13.0,Sri Lanka
BMAJ Mendis,2011,2018,22,15.0,4.0,207.0,43,18.81,174.0,118.96,0.0,0.0,1.0,18.0,6.0,Sri Lanka
LPC Silva,2006,2011,16,15.0,2.0,175.0,38,13.46,177.0,98.87,0.0,0.0,0.0,19.0,3.0,Sri Lanka
GSNFG Jayasuriya,2015,2016,11,10.0,0.0,157.0,40,15.7,141.0,111.34,0.0,0.0,0.0,11.0,7.0,Sri Lanka
ML Udawatte,2008,2017,8,8.0,0.0,96.0,25,12.0,87.0,110.34,0.0,0.0,2.0,10.0,2.0,Sri Lanka
S Samarawickrama,2017,2017,5,5.0,0.0,85.0,32,17.0,80.0,106.25,0.0,0.0,0.0,8.0,0.0,Sri Lanka
SL Malinga,2006,2018,69,22.0,8.0,78.0,27,5.57,101.0,77.22,0.0,0.0,5.0,3.0,3.0,Sri Lanka
SMSM Senanayake,2012,2016,24,12.0,6.0,56.0,17,9.33,66.0,84.84,0.0,0.0,2.0,3.0,1.0,Sri Lanka
SMA Priyanjan,2017,2017,3,3.0,2.0,54.0,40,54.0,62.0,87.09,0.0,0.0,0.0,1.0,2.0,Sri Lanka
CU Jayasinghe,2009,2010,5,3.0,2.0,49.0,38,49.0,49.0,100.0,0.0,0.0,0.0,3.0,1.0,Sri Lanka
K Weeraratne,2008,2009,5,5.0,2.0,49.0,20,16.33,45.0,108.88,0.0,0.0,0.0,4.0,1.0,Sri Lanka
I Udana,2009,2018,18,10.0,5.0,41.0,19,8.2,36.0,113.88,0.0,0.0,2.0,4.0,1.0,Sri Lanka
KDK Vithanage,2014,2016,3,3.0,0.0,40.0,38,13.33,34.0,117.64,0.0,0.0,0.0,7.0,0.0,Sri Lanka
MF Maharoof,2006,2016,8,5.0,1.0,33.0,13,8.25,43.0,76.74,0.0,0.0,1.0,0.0,1.0,Sri Lanka
RJMGM Rupasinghe,2009,2009,2,2.0,0.0,33.0,18,16.5,39.0,84.61,0.0,0.0,0.0,2.0,0.0,Sri Lanka
WPUJC Vaas,2006,2007,6,2.0,1.0,33.0,21,33.0,41.0,80.48,0.0,0.0,0.0,1.0,0.0,Sri Lanka
PVD Chameera,2015,2018,19,10.0,6.0,31.0,12,7.75,40.0,77.5,0.0,0.0,2.0,3.0,0.0,Sri Lanka
A Dananjaya,2012,2018,16,7.0,3.0,31.0,11,7.75,36.0,86.11,0.0,0.0,0.0,3.0,0.0,Sri Lanka
SS Pathirana,2016,2017,5,5.0,0.0,27.0,14,5.4,24.0,112.5,0.0,0.0,0.0,3.0,0.0,Sri Lanka
CRD Fernando,2006,2016,18,7.0,2.0,25.0,21,5.0,27.0,92.59,0.0,0.0,2.0,4.0,0.0,Sri Lanka
PHKD Mendis,2018,2018,1,1.0,0.0,24.0,24,24.0,14.0,171.42,0.0,0.0,0.0,3.0,1.0,Sri Lanka
PC de Silva,2017,2017,2,2.0,0.0,22.0,21,11.0,22.0,100.0,0.0,0.0,0.0,1.0,0.0,Sri Lanka
JRMVB Sanjaya,2017,2017,8,5.0,2.0,20.0,6,6.66,18.0,111.11,0.0,0.0,0.0,3.0,0.0,Sri Lanka
HGJM Kulatunga,2008,2008,2,2.0,0.0,19.0,11,9.5,38.0,50.0,0.0,0.0,0.0,0.0,0.0,Sri Lanka
RLB Rambukwella,2013,2016,2,1.0,0.0,19.0,19,19.0,16.0,118.75,0.0,0.0,0.0,1.0,1.0,Sri Lanka
LHD Dilhara,2008,2008,2,1.0,1.0,18.0,18,,9.0,200.0,0.0,0.0,0.0,0.0,1.0,Sri Lanka
JDF Vandersay,2015,2016,7,5.0,4.0,15.0,8,15.0,17.0,88.23,0.0,0.0,0.0,2.0,0.0,Sri Lanka
SHT Kandamby,2008,2011,5,4.0,0.0,13.0,10,3.25,21.0,61.9,0.0,0.0,1.0,0.0,0.0,Sri Lanka
HMCM Bandara,2006,2009,4,3.0,1.0,12.0,7,6.0,15.0,80.0,0.0,0.0,0.0,0.0,0.0,Sri Lanka
KS Lokuarachchi,2012,2012,2,2.0,0.0,11.0,11,5.5,13.0,84.61,0.0,0.0,1.0,1.0,0.0,Sri Lanka
B Fernando,2015,2015,2,1.0,1.0,8.0,8,,12.0,66.66,0.0,0.0,0.0,1.0,0.0,Sri Lanka
HMRKB Herath,2011,2016,17,6.0,3.0,8.0,3,2.66,12.0,66.66,0.0,0.0,0.0,0.0,0.0,Sri Lanka
S Randiv,2010,2011,7,2.0,0.0,8.0,6,4.0,6.0,133.33,0.0,0.0,0.0,1.0,0.0,Sri Lanka
BAW Mendis,2008,2014,39,8.0,5.0,8.0,4,2.66,17.0,47.05,0.0,0.0,0.0,1.0,0.0,Sri Lanka
RP Arnold,2006,2006,1,1.0,0.0,7.0,7,7.0,7.0,100.0,0.0,0.0,0.0,0.0,0.0,Sri Lanka
RAS Lakmal,2011,2018,10,5.0,3.0,7.0,5,3.5,8.0,87.5,0.0,0.0,1.0,1.0,0.0,Sri Lanka
RMS Eranga,2012,2013,3,1.0,0.0,6.0,6,6.0,7.0,85.71,0.0,0.0,0.0,1.0,0.0,Sri Lanka
MS Atapattu,2006,2006,2,1.0,0.0,5.0,5,5.0,8.0,62.5,0.0,0.0,0.0,0.0,0.0,Sri Lanka
AK Perera,2013,2014,2,1.0,0.0,4.0,4,4.0,8.0,50.0,0.0,0.0,0.0,0.0,0.0,Sri Lanka
T Thushara,2008,2010,6,2.0,0.0,4.0,3,2.0,8.0,50.0,0.0,0.0,0.0,0.0,0.0,Sri Lanka
ST de Silva,2017,2017,3,2.0,0.0,3.0,3,1.5,7.0,42.85,0.0,0.0,1.0,0.0,0.0,Sri Lanka
CAK Rajitha,2016,2018,4,2.0,2.0,3.0,3,,12.0,25.0,0.0,0.0,0.0,0.0,0.0,Sri Lanka
KMC Bandara,2016,2016,1,1.0,1.0,2.0,2,,4.0,50.0,0.0,0.0,0.0,0.0,0.0,Sri Lanka
MVT Fernando,2017,2017,1,1.0,0.0,2.0,2,2.0,2.0,100.0,0.0,0.0,0.0,0.0,0.0,Sri Lanka
UWMBCA Welegedara,2010,2010,2,1.0,1.0,2.0,2,,3.0,66.66,0.0,0.0,0.0,0.0,0.0,Sri Lanka
M Muralitharan,2006,2010,12,2.0,0.0,1.0,1,0.5,5.0,20.0,0.0,0.0,1.0,0.0,0.0,Sri Lanka
MDK Perera,2011,2011,3,2.0,0.0,1.0,1,0.5,6.0,16.66,0.0,0.0,1.0,0.0,0.0,Sri Lanka
PADLR Sandakan,2017,2018,5,1.0,1.0,1.0,1,,1.0,100.0,0.0,0.0,0.0,0.0,0.0,Sri Lanka
G Wijekoon,2007,2007,3,2.0,1.0,1.0,1,1.0,5.0,20.0,0.0,0.0,1.0,0.0,0.0,Sri Lanka
MA Aponso,2018,2018,3,1.0,0.0,0.0,0,0.0,2.0,0.0,0.0,0.0,1.0,0.0,0.0,Sri Lanka
N Pradeep,2016,2018,9,4.0,3.0,0.0,0,0.0,6.0,0.0,0.0,0.0,1.0,0.0,0.0,Sri Lanka
PDRL Perera,2006,2006,2,2.0,2.0,0.0,0,,0.0,,0.0,0.0,0.0,0.0,0.0,Sri Lanka
SI de Saram,2009,2009,1,,,,,,,,,,,,,Sri Lanka
DSK Madushanka,2018,2018,2,,,,,,,,,,,,,Sri Lanka
KTGD Prasad,2011,2011,1,,,,,,,,,,,,,Sri Lanka
M Pushpakumara,2009,2009,1,,,,,,,,,,,,,Sri Lanka
H Masakadza,2006,2018,58,58.0,2.0,1516.0,93,27.07,1295.0,117.06,0.0,10.0,0.0,139.0,58.0,Zimbabwe
E Chigumbura,2006,2018,53,52.0,9.0,823.0,54,19.13,579.0,142.14,0.0,3.0,6.0,58.0,48.0,Zimbabwe
BRM Taylor,2006,2018,30,30.0,5.0,660.0,75,26.4,565.0,116.81,0.0,5.0,4.0,58.0,18.0,Zimbabwe
CJ Chibhabha,2006,2018,33,32.0,0.0,621.0,67,19.4,570.0,108.94,0.0,5.0,3.0,72.0,12.0,Zimbabwe
MN Waller,2011,2018,32,31.0,8.0,613.0,68,26.65,443.0,138.37,0.0,1.0,2.0,42.0,28.0,Zimbabwe
SC Williams,2006,2018,26,26.0,2.0,563.0,58,23.45,459.0,122.65,0.0,3.0,2.0,52.0,11.0,Zimbabwe
V Sibanda,2007,2016,26,26.0,1.0,511.0,59,20.44,503.0,101.59,0.0,1.0,3.0,52.0,11.0,Zimbabwe
Sikandar Raza,2013,2018,28,27.0,0.0,382.0,59,14.14,357.0,107.0,0.0,1.0,0.0,33.0,7.0,Zimbabwe
T Taibu,2007,2012,17,15.0,6.0,259.0,45,28.77,257.0,100.77,0.0,0.0,2.0,19.0,2.0,Zimbabwe
SF Mire,2018,2018,7,7.0,0.0,249.0,94,35.57,192.0,129.68,0.0,2.0,0.0,22.0,13.0,Zimbabwe
PJ Moor,2016,2018,16,14.0,3.0,238.0,44,21.63,195.0,122.05,0.0,0.0,0.0,11.0,16.0,Zimbabwe
CR Ervine,2010,2015,16,15.0,0.0,229.0,42,15.26,287.0,79.79,0.0,0.0,1.0,21.0,2.0,Zimbabwe
R Mutumbami,2015,2016,14,14.0,3.0,173.0,43,15.72,168.0,102.97,0.0,0.0,1.0,11.0,8.0,Zimbabwe
CK Coventry,2010,2015,13,12.0,2.0,127.0,30,12.7,90.0,141.11,0.0,0.0,2.0,14.0,6.0,Zimbabwe
TK Musakanda,2018,2018,6,6.0,0.0,98.0,43,16.33,80.0,122.5,0.0,0.0,2.0,7.0,2.0,Zimbabwe
P Utseya,2006,2015,35,21.0,9.0,94.0,13,7.83,115.0,81.73,0.0,0.0,3.0,6.0,1.0,Zimbabwe
T Maruma,2008,2016,10,10.0,4.0,86.0,23,14.33,83.0,103.61,0.0,0.0,1.0,6.0,3.0,Zimbabwe
S Matsikenyeri,2006,2012,10,10.0,0.0,76.0,32,7.6,82.0,92.68,0.0,0.0,2.0,6.0,3.0,Zimbabwe
AG Cremer,2008,2018,29,19.0,6.0,68.0,17,5.23,102.0,66.66,0.0,0.0,2.0,2.0,0.0,Zimbabwe
LM Jongwe,2015,2016,8,7.0,0.0,60.0,34,8.57,65.0,92.3,0.0,0.0,2.0,4.0,1.0,Zimbabwe
N Madziva,2015,2016,9,7.0,4.0,60.0,28,20.0,50.0,120.0,0.0,0.0,1.0,4.0,3.0,Zimbabwe
RP Burl,2018,2018,4,4.0,0.0,57.0,30,14.25,70.0,81.42,0.0,0.0,0.0,3.0,0.0,Zimbabwe
C Zhuwao,2008,2018,7,7.0,0.0,48.0,24,6.85,66.0,72.72,0.0,0.0,4.0,7.0,1.0,Zimbabwe
KM Dabengwa,2006,2010,8,7.0,3.0,46.0,16,11.5,40.0,115.0,0.0,0.0,0.0,4.0,2.0,Zimbabwe
B Mavuta,2018,2018,3,3.0,2.0,41.0,28,41.0,23.0,178.26,0.0,0.0,0.0,3.0,2.0,Zimbabwe
TS Chisoro,2015,2018,12,6.0,2.0,40.0,14,10.0,42.0,95.23,0.0,0.0,0.0,2.0,2.0,Zimbabwe
F Mutizwa,2011,2012,3,3.0,0.0,38.0,22,12.66,36.0,105.55,0.0,0.0,1.0,3.0,0.0,Zimbabwe
GA Lamb,2010,2010,5,4.0,2.0,32.0,14,16.0,54.0,59.25,0.0,0.0,1.0,1.0,0.0,Zimbabwe
WP Masakadza,2015,2018,9,6.0,3.0,25.0,6,8.33,30.0,83.33,0.0,0.0,0.0,2.0,0.0,Zimbabwe
T Panyangara,2013,2016,14,5.0,4.0,23.0,17,23.0,17.0,135.29,0.0,0.0,0.0,1.0,2.0,Zimbabwe
RW Chakabva,2008,2015,5,5.0,0.0,18.0,13,3.6,40.0,45.0,0.0,0.0,2.0,1.0,0.0,Zimbabwe
SW Masakadza,2010,2013,7,5.0,1.0,18.0,9,4.5,24.0,75.0,0.0,0.0,1.0,1.0,0.0,Zimbabwe
CT Mutombodzi,2013,2016,5,5.0,1.0,18.0,12,4.5,24.0,75.0,0.0,0.0,1.0,1.0,0.0,Zimbabwe
CB Mpofu,2008,2018,24,7.0,4.0,16.0,6,5.33,30.0,53.33,0.0,0.0,2.0,0.0,1.0,Zimbabwe
TL Chatara,2010,2018,13,2.0,0.0,15.0,8,7.5,17.0,88.23,0.0,0.0,0.0,1.0,0.0,Zimbabwe
RW Price,2008,2012,16,9.0,4.0,15.0,7,3.0,28.0,53.57,0.0,0.0,1.0,1.0,0.0,Zimbabwe
DT Tiripano,2016,2018,9,5.0,2.0,15.0,11,5.0,22.0,68.18,0.0,0.0,2.0,0.0,1.0,Zimbabwe
KM Jarvis,2011,2018,14,7.0,2.0,10.0,9,2.0,28.0,35.71,0.0,0.0,4.0,0.0,0.0,Zimbabwe
AM Blignaut,2010,2010,1,1.0,0.0,8.0,8,8.0,8.0,100.0,0.0,0.0,0.0,1.0,0.0,Zimbabwe
BV Vitori,2012,2016,11,2.0,2.0,8.0,7,,7.0,114.28,0.0,0.0,0.0,0.0,0.0,Zimbabwe
J Nyumbu,2018,2018,2,2.0,2.0,7.0,6,,11.0,63.63,0.0,0.0,0.0,1.0,0.0,Zimbabwe
KO Meth,2012,2012,2,1.0,1.0,6.0,6,,6.0,100.0,0.0,0.0,0.0,0.0,0.0,Zimbabwe
T Mupariwa,2007,2008,4,2.0,2.0,5.0,3,,3.0,166.66,0.0,0.0,0.0,0.0,0.0,Zimbabwe
N M'shangwe,2013,2014,5,2.0,1.0,5.0,5,5.0,4.0,125.0,0.0,0.0,1.0,1.0,0.0,Zimbabwe
GB Brent,2006,2007,3,1.0,0.0,2.0,2,2.0,5.0,40.0,0.0,0.0,0.0,0.0,0.0,Zimbabwe
AJ Ireland,2006,2006,1,1.0,1.0,2.0,2,,3.0,66.66,0.0,0.0,0.0,0.0,0.0,Zimbabwe
B Muzarabani,2018,2018,6,3.0,2.0,1.0,1,1.0,5.0,20.0,0.0,0.0,1.0,0.0,0.0,Zimbabwe
ML Nkala,2006,2006,1,1.0,0.0,1.0,1,1.0,3.0,33.33,0.0,0.0,0.0,0.0,0.0,Zimbabwe
EC Rainsford,2010,2010,2,1.0,1.0,1.0,1,,2.0,50.0,0.0,0.0,0.0,0.0,0.0,Zimbabwe
T Muzarabani,2015,2016,9,1.0,1.0,0.0,0,,2.0,0.0,0.0,0.0,0.0,0.0,0.0,Zimbabwe
TP Kamungozi,2014,2014,1,,,,,,,,,,,,,Zimbabwe
W Barresi,2012,2018,38,37.0,5.0,764.0,75,23.87,649.0,117.71,0.0,4.0,3.0,65.0,21.0,Netherlands
SJ Myburgh,2012,2017,28,27.0,2.0,640.0,71,25.6,519.0,123.31,0.0,5.0,5.0,73.0,21.0,Netherlands
PW Borren,2008,2017,43,38.0,5.0,638.0,57,19.33,524.0,121.75,0.0,1.0,2.0,60.0,18.0,Netherlands
MR Swart,2012,2016,26,25.0,2.0,621.0,89,27.0,537.0,115.64,0.0,4.0,1.0,53.0,16.0,Netherlands
BN Cooper,2013,2018,30,27.0,5.0,457.0,66,20.77,392.0,116.58,0.0,2.0,4.0,40.0,16.0,Netherlands
TLW Cooper,2012,2016,18,17.0,3.0,404.0,72,28.85,306.0,132.02,0.0,2.0,2.0,38.0,16.0,Netherlands
AN Kervezee,2009,2012,10,10.0,1.0,289.0,58,32.11,262.0,110.3,0.0,2.0,0.0,19.0,6.0,Netherlands
RN ten Doeschate,2008,2018,10,10.0,4.0,252.0,56,42.0,193.0,130.56,0.0,1.0,0.0,12.0,8.0,Netherlands
ES Szwarczynski,2008,2013,14,12.0,1.0,233.0,45,21.18,243.0,95.88,0.0,0.0,0.0,22.0,2.0,Netherlands
MJG Rippon,2013,2018,18,11.0,4.0,216.0,42,30.85,192.0,112.5,0.0,0.0,2.0,15.0,3.0,Netherlands
MP O'Dowd,2015,2018,12,11.0,2.0,164.0,39,18.22,137.0,119.7,0.0,0.0,0.0,14.0,3.0,Netherlands
TN de Grooth,2008,2013,15,13.0,5.0,163.0,49,20.37,155.0,105.16,0.0,0.0,0.0,16.0,1.0,Netherlands
Mudassar Bukhari,2008,2016,38,26.0,8.0,157.0,28,8.72,152.0,103.28,0.0,0.0,1.0,10.0,4.0,Netherlands
RE van der Merwe,2015,2018,12,10.0,3.0,154.0,40,22.0,108.0,142.59,0.0,0.0,0.0,13.0,4.0,Netherlands
PM Seelaar,2008,2018,44,20.0,5.0,136.0,36,9.06,138.0,98.55,0.0,0.0,1.0,9.0,1.0,Netherlands
B Zuiderent,2009,2010,6,6.0,1.0,108.0,43,21.6,124.0,87.09,0.0,0.0,0.0,8.0,1.0,Netherlands
TP Visee,2015,2018,9,9.0,0.0,102.0,25,11.33,75.0,136.0,0.0,0.0,2.0,18.0,1.0,Netherlands
DLS van Bunge,2008,2013,14,12.0,4.0,90.0,24,11.25,104.0,86.53,0.0,0.0,2.0,2.0,3.0,Netherlands
SA Edwards,2018,2018,5,5.0,3.0,85.0,34,42.5,54.0,157.4,0.0,0.0,0.0,9.0,2.0,Netherlands
DJ Reekers,2008,2009,6,5.0,0.0,64.0,29,12.8,49.0,130.61,0.0,0.0,1.0,10.0,2.0,Netherlands
T van der Gugten,2012,2018,27,9.0,3.0,58.0,13,9.66,52.0,111.53,0.0,0.0,1.0,1.0,3.0,Netherlands
TGJ Gruijters,2012,2013,8,5.0,3.0,51.0,21,25.5,47.0,108.51,0.0,0.0,0.0,3.0,1.0,Netherlands
BFW de Leede,2018,2018,4,4.0,1.0,48.0,33,16.0,59.0,81.35,0.0,0.0,0.0,3.0,0.0,Netherlands
RI Ahmed,2015,2015,2,2.0,0.0,38.0,25,19.0,50.0,76.0,0.0,0.0,0.0,2.0,0.0,Netherlands
PA van Meekeren,2013,2018,23,6.0,0.0,33.0,18,5.5,28.0,117.85,0.0,0.0,2.0,0.0,3.0,Netherlands
Ahsan Malik,2012,2017,31,8.0,5.0,28.0,11,9.33,30.0,93.33,0.0,0.0,1.0,1.0,1.0,Netherlands
Sikander Zulfiqar,2016,2018,5,4.0,1.0,23.0,9,7.66,27.0,85.18,0.0,0.0,0.0,2.0,0.0,Netherlands
J Smits,2008,2009,6,2.0,1.0,15.0,11,15.0,27.0,55.55,0.0,0.0,0.0,0.0,0.0,Netherlands
S Snater,2018,2018,4,2.0,0.0,8.0,6,4.0,7.0,114.28,0.0,0.0,0.0,0.0,0.0,Netherlands
E Schiferli,2008,2010,7,3.0,1.0,7.0,5,3.5,16.0,43.75,0.0,0.0,1.0,0.0,0.0,Netherlands
LV van Beek,2014,2016,8,4.0,1.0,7.0,4,2.33,15.0,46.66,0.0,0.0,0.0,0.0,0.0,Netherlands
DP Nannes,2009,2009,2,1.0,0.0,6.0,6,6.0,7.0,85.71,0.0,0.0,0.0,0.0,0.0,Netherlands
FJ Klaassen,2018,2018,5,2.0,1.0,2.0,1,2.0,2.0,100.0,0.0,0.0,0.0,0.0,0.0,Netherlands
MBS Jonkman,2010,2010,3,1.0,0.0,1.0,1,1.0,8.0,12.5,0.0,0.0,0.0,0.0,0.0,Netherlands
VJ Kingma,2016,2016,1,1.0,0.0,1.0,1,1.0,4.0,25.0,0.0,0.0,0.0,0.0,0.0,Netherlands
Saqib Zulfiqar,2018,2018,2,1.0,0.0,1.0,1,1.0,5.0,20.0,0.0,0.0,0.0,0.0,0.0,Netherlands
AF Buurman,2010,2010,4,2.0,0.0,0.0,0,0.0,4.0,0.0,0.0,0.0,2.0,0.0,0.0,Netherlands
Mohammad Kashif,2010,2010,3,1.0,1.0,0.0,0,,0.0,,0.0,0.0,0.0,0.0,0.0,Netherlands
HJC Mol,2008,2008,4,1.0,0.0,0.0,0,0.0,1.0,0.0,0.0,0.0,1.0,0.0,0.0,Netherlands
GMC Mol,2008,2008,1,,,,,,,,,,,,,Netherlands
HC Overdijk,2018,2018,1,,,,,,,,,,,,,Netherlands
JD Schoonheim,2008,2008,1,,,,,,,,,,,,,Netherlands
MB van Schelven,2015,2015,2,,,,,,,,,,,,,Netherlands
Babar Hayat,2014,2017,24,24.0,4.0,541.0,122,27.05,433.0,124.94,1.0,2.0,2.0,45.0,20.0,Hong Kong
MS Chapman,2014,2016,19,18.0,1.0,392.0,63,23.05,347.0,112.96,0.0,1.0,0.0,34.0,9.0,Hong Kong
Nizakat Khan,2014,2017,23,21.0,0.0,377.0,62,17.95,314.0,120.06,0.0,2.0,3.0,27.0,15.0,Hong Kong
Anshuman Rath,2015,2017,20,19.0,2.0,321.0,44,18.88,344.0,93.31,0.0,0.0,1.0,31.0,2.0,Hong Kong
Tanwir Afzal,2014,2016,21,18.0,2.0,219.0,56,13.68,173.0,126.58,0.0,1.0,4.0,9.0,15.0,Hong Kong
JJ Atkinson,2014,2016,13,12.0,0.0,202.0,53,16.83,187.0,108.02,0.0,1.0,3.0,22.0,6.0,Hong Kong
Aizaz Khan,2014,2017,23,20.0,7.0,186.0,31,14.3,176.0,105.68,0.0,0.0,2.0,17.0,4.0,Hong Kong
Waqas Barkat,2014,2017,11,9.0,2.0,90.0,32,12.85,101.0,89.1,0.0,0.0,1.0,10.0,0.0,Hong Kong
Ehsan Khan,2016,2017,4,3.0,2.0,81.0,42,81.0,62.0,130.64,0.0,0.0,0.0,6.0,4.0,Hong Kong
KD Shah,2014,2016,15,11.0,2.0,77.0,29,8.55,98.0,78.57,0.0,0.0,3.0,7.0,1.0,Hong Kong
Irfan Ahmed,2014,2015,8,8.0,0.0,76.0,34,9.5,83.0,91.56,0.0,0.0,2.0,4.0,6.0,Hong Kong
Waqas Khan,2014,2017,8,7.0,3.0,68.0,33,17.0,89.0,76.4,0.0,0.0,1.0,3.0,2.0,Hong Kong
C Carter,2015,2017,10,5.0,1.0,55.0,17,13.75,63.0,87.3,0.0,0.0,0.0,3.0,0.0,Hong Kong
Shahid Wasif,2016,2017,4,4.0,2.0,49.0,40,24.5,33.0,148.48,0.0,0.0,0.0,3.0,1.0,Hong Kong
Haseeb Amjad,2014,2016,18,10.0,6.0,45.0,12,11.25,45.0,100.0,0.0,0.0,0.0,3.0,1.0,Hong Kong
Munir Dar,2014,2014,2,2.0,0.0,39.0,36,19.5,33.0,118.18,0.0,0.0,0.0,3.0,1.0,Hong Kong
RJ Campbell,2016,2016,3,3.0,0.0,36.0,27,12.0,47.0,76.59,0.0,0.0,1.0,6.0,0.0,Hong Kong
Nadeem Ahmed,2014,2017,24,9.0,4.0,34.0,10,6.8,55.0,61.81,0.0,0.0,1.0,2.0,0.0,Hong Kong
Anas Khan,2014,2014,1,1.0,1.0,21.0,21,,28.0,75.0,0.0,0.0,0.0,2.0,0.0,Hong Kong
Tanveer Ahmed,2016,2017,5,2.0,1.0,7.0,7,7.0,11.0,63.63,0.0,0.0,1.0,1.0,0.0,Hong Kong
Najeeb Amar,2014,2014,1,1.0,0.0,2.0,2,2.0,9.0,22.22,0.0,0.0,0.0,0.0,0.0,Hong Kong
Ehsan Nawaz,2014,2017,5,1.0,0.0,0.0,0,0.0,2.0,0.0,0.0,0.0,1.0,0.0,0.0,Hong Kong
A Mehmood,2016,2016,2,1.0,1.0,0.0,0,,1.0,0.0,0.0,0.0,0.0,0.0,0.0,Hong Kong
A Vala,2015,2017,9,9.0,1.0,139.0,34,17.37,161.0,86.33,0.0,0.0,0.0,11.0,3.0,P.N.G.
S Bau,2016,2017,6,6.0,1.0,116.0,30,23.2,106.0,109.43,0.0,0.0,1.0,4.0,5.0,P.N.G.
MD Dai,2015,2017,9,8.0,0.0,105.0,31,13.12,128.0,82.03,0.0,0.0,0.0,4.0,0.0,P.N.G.
N Vanua,2015,2017,9,8.0,4.0,102.0,28,25.5,62.0,164.51,0.0,0.0,1.0,4.0,7.0,P.N.G.
TP Ura,2015,2017,6,6.0,0.0,99.0,32,16.5,87.0,113.79,0.0,0.0,0.0,13.0,1.0,P.N.G.
CJA Amini,2015,2016,6,5.0,1.0,90.0,37,22.5,97.0,92.78,0.0,0.0,0.0,4.0,1.0,P.N.G.
L Siaka,2015,2017,9,9.0,0.0,78.0,31,8.66,91.0,85.71,0.0,0.0,2.0,7.0,2.0,P.N.G.
JNT Vare,2015,2017,8,7.0,0.0,68.0,38,9.71,71.0,95.77,0.0,0.0,0.0,4.0,0.0,P.N.G.
K Pala,2015,2015,2,2.0,1.0,41.0,22,41.0,30.0,136.66,0.0,0.0,0.0,4.0,2.0,P.N.G.
VV Morea,2015,2017,5,5.0,0.0,35.0,19,7.0,44.0,79.54,0.0,0.0,1.0,4.0,0.0,P.N.G.
CA Soper,2015,2017,5,3.0,2.0,18.0,8,18.0,33.0,54.54,0.0,0.0,0.0,0.0,0.0,P.N.G.
JB Reva,2015,2017,6,4.0,0.0,16.0,7,4.0,22.0,72.72,0.0,0.0,0.0,1.0,1.0,P.N.G.
N Pokana,2016,2016,3,2.0,1.0,10.0,8,10.0,17.0,58.82,0.0,0.0,0.0,0.0,0.0,P.N.G.
P Raho,2016,2016,2,2.0,2.0,10.0,8,,6.0,166.66,0.0,0.0,0.0,0.0,1.0,P.N.G.
A Nao,2017,2017,2,2.0,2.0,7.0,7,,4.0,175.0,0.0,0.0,0.0,1.0,0.0,P.N.G.
WT Gavera,2015,2017,6,2.0,0.0,3.0,2,1.5,6.0,50.0,0.0,0.0,0.0,0.0,0.0,P.N.G.
H Hiri,2016,2016,2,2.0,0.0,2.0,1,1.0,5.0,40.0,0.0,0.0,0.0,0.0,0.0,P.N.G.
L Nou,2015,2015,3,1.0,1.0,2.0,2,,3.0,66.66,0.0,0.0,0.0,0.0,0.0,P.N.G.
D Bau,2017,2017,1,,,,,,,,,,,,,P.N.G.
Tamim Iqbal,2007,2018,71,71.0,5.0,1556.0,103,23.57,1328.0,117.16,1.0,6.0,6.0,166.0,40.0,Bangladesh
Shakib Al Hasan,2006,2018,72,72.0,9.0,1471.0,84,23.34,1196.0,122.99,0.0,8.0,5.0,152.0,32.0,Bangladesh
Mahmudullah,2007,2018,76,69.0,15.0,1251.0,64,23.16,1024.0,122.16,0.0,3.0,2.0,100.0,42.0,Bangladesh
Mushfiqur Rahim,2006,2018,77,69.0,12.0,1138.0,72,19.96,955.0,119.16,0.0,4.0,3.0,98.0,28.0,Bangladesh
Sabbir Rahman,2014,2018,41,40.0,5.0,906.0,80,25.88,739.0,122.59,0.0,4.0,2.0,87.0,28.0,Bangladesh
Soumya Sarkar,2015,2018,41,41.0,0.0,718.0,51,17.51,584.0,122.94,0.0,1.0,6.0,78.0,25.0,Bangladesh
Mohammad Ashraful,2007,2013,23,23.0,0.0,450.0,65,19.56,356.0,126.4,0.0,2.0,2.0,48.0,11.0,Bangladesh
Liton Das,2015,2018,18,18.0,0.0,391.0,61,21.72,279.0,140.14,0.0,2.0,1.0,32.0,19.0,Bangladesh
Mashrafe Mortaza,2006,2017,54,39.0,11.0,377.0,36,13.46,277.0,136.1,0.0,0.0,6.0,28.0,23.0,Bangladesh
Nasir Hossain,2011,2016,31,24.0,4.0,370.0,50,18.5,326.0,113.49,0.0,2.0,2.0,30.0,7.0,Bangladesh
Anamul Haque,2012,2015,13,13.0,2.0,355.0,58,32.27,301.0,117.94,0.0,1.0,1.0,38.0,12.0,Bangladesh
Aftab Ahmed,2006,2010,11,11.0,1.0,228.0,62,22.8,178.0,128.08,0.0,1.0,0.0,26.0,6.0,Bangladesh
Nazimuddin,2007,2008,7,7.0,0.0,178.0,81,25.42,158.0,112.65,0.0,1.0,2.0,13.0,10.0,Bangladesh
Junaid Siddique,2007,2012,7,7.0,0.0,159.0,71,22.71,108.0,147.22,0.0,1.0,1.0,16.0,7.0,Bangladesh
Naeem Islam,2008,2013,10,10.0,1.0,130.0,28,14.44,114.0,114.03,0.0,0.0,0.0,8.0,7.0,Bangladesh
Imrul Kayes,2010,2017,14,13.0,0.0,119.0,36,9.15,134.0,88.8,0.0,0.0,4.0,14.0,3.0,Bangladesh
Ziaur Rahman,2012,2014,14,12.0,3.0,117.0,40,13.0,91.0,128.57,0.0,0.0,3.0,3.0,10.0,Bangladesh
Mosaddek Hossain,2016,2018,8,8.0,1.0,113.0,34,16.14,115.0,98.26,0.0,0.0,1.0,8.0,3.0,Bangladesh
Mehidy Hasan Miraz,2017,2018,13,11.0,2.0,94.0,19,10.44,80.0,117.5,0.0,0.0,2.0,7.0,4.0,Bangladesh
Mohammad Saifuddin,2017,2018,9,6.0,1.0,94.0,39,18.8,88.0,106.81,0.0,0.0,0.0,7.0,3.0,Bangladesh
Mohammad Mithun,2014,2018,13,9.0,0.0,90.0,47,10.0,96.0,93.75,0.0,0.0,2.0,7.0,3.0,Bangladesh
Shamsur Rahman,2013,2014,9,8.0,0.0,86.0,53,10.75,85.0,101.17,0.0,1.0,2.0,12.0,1.0,Bangladesh
Nurul Hasan,2016,2017,9,8.0,4.0,78.0,30,19.5,63.0,123.8,0.0,0.0,1.0,9.0,0.0,Bangladesh
Farhad Reza,2006,2014,13,9.0,0.0,72.0,19,8.0,88.0,81.81,0.0,0.0,1.0,4.0,2.0,Bangladesh
Mominul Haque,2012,2014,6,4.0,1.0,60.0,26,20.0,50.0,120.0,0.0,0.0,0.0,5.0,2.0,Bangladesh
Ariful Haque,2018,2018,9,8.0,4.0,59.0,18,14.75,61.0,96.72,0.0,0.0,1.0,4.0,0.0,Bangladesh
Abu Hider,2016,2018,13,5.0,4.0,58.0,22,58.0,43.0,134.88,0.0,0.0,0.0,5.0,4.0,Bangladesh
Alok Kapali,2007,2011,7,7.0,2.0,57.0,19,11.4,85.0,67.05,0.0,0.0,2.0,3.0,1.0,Bangladesh
Sohag Gazi,2012,2015,10,7.0,3.0,57.0,24,14.25,59.0,96.61,0.0,0.0,0.0,3.0,1.0,Bangladesh
Raqibul Hasan,2008,2010,5,5.0,0.0,51.0,18,10.2,62.0,82.25,0.0,0.0,0.0,3.0,1.0,Bangladesh
Abdur Razzak,2006,2014,34,20.0,10.0,41.0,9,4.1,74.0,55.4,0.0,0.0,5.0,1.0,0.0,Bangladesh
Shuvagata Hom,2016,2016,5,4.0,2.0,35.0,16,17.5,35.0,100.0,0.0,0.0,0.0,3.0,1.0,Bangladesh
Arafat Sunny,2014,2016,10,6.0,3.0,34.0,10,11.33,30.0,113.33,0.0,0.0,0.0,3.0,1.0,Bangladesh
Jahurul Islam,2010,2013,3,3.0,0.0,31.0,18,10.33,23.0,134.78,0.0,0.0,0.0,3.0,1.0,Bangladesh
Taskin Ahmed,2014,2018,19,6.0,3.0,29.0,15,9.66,31.0,93.54,0.0,0.0,1.0,3.0,1.0,Bangladesh
Mustafizur Rahman,2015,2018,30,13.0,5.0,27.0,8,3.37,45.0,60.0,0.0,0.0,4.0,1.0,2.0,Bangladesh
Nadif Chowdhury,2006,2007,3,3.0,0.0,27.0,12,9.0,23.0,117.39,0.0,0.0,0.0,2.0,0.0,Bangladesh
Shahriar Nafees,2006,2006,1,1.0,0.0,25.0,25,25.0,17.0,147.05,0.0,0.0,0.0,3.0,1.0,Bangladesh
Rony Talukdar,2015,2015,1,1.0,0.0,21.0,21,21.0,22.0,95.45,0.0,0.0,0.0,0.0,1.0,Bangladesh
Muktar Ali,2016,2016,1,1.0,1.0,19.0,19,,15.0,126.66,0.0,0.0,0.0,1.0,1.0,Bangladesh
Shafiul Islam,2010,2017,12,5.0,1.0,19.0,16,4.75,27.0,70.37,0.0,0.0,1.0,1.0,1.0,Bangladesh
Nazmul Islam,2018,2018,13,4.0,3.0,18.0,7,18.0,17.0,105.88,0.0,0.0,0.0,2.0,0.0,Bangladesh
Rubel Hossain,2009,2018,27,14.0,9.0,17.0,8,3.4,30.0,56.66,0.0,0.0,4.0,1.0,0.0,Bangladesh
Mehrab Hossain jnr,2008,2009,2,2.0,1.0,16.0,10,16.0,25.0,64.0,0.0,0.0,0.0,1.0,0.0,Bangladesh
Abul Hasan,2012,2018,5,2.0,0.0,14.0,9,7.0,11.0,127.27,0.0,0.0,0.0,2.0,0.0,Bangladesh
Mohammad Rafique,2006,2006,1,1.0,0.0,13.0,13,13.0,5.0,260.0,0.0,0.0,0.0,3.0,0.0,Bangladesh
Mahedi Hasan,2018,2018,1,1.0,0.0,11.0,11,11.0,11.0,100.0,0.0,0.0,0.0,1.0,0.0,Bangladesh
Zakir Hasan,2018,2018,1,1.0,0.0,10.0,10,10.0,9.0,111.11,0.0,0.0,0.0,1.0,0.0,Bangladesh
Elias Sunny,2012,2012,7,4.0,2.0,9.0,5,4.5,9.0,100.0,0.0,0.0,0.0,1.0,0.0,Bangladesh
Shahadat Hossain,2006,2013,6,5.0,3.0,8.0,4,4.0,12.0,66.66,0.0,0.0,1.0,0.0,0.0,Bangladesh
Al-Amin Hossain,2013,2016,25,5.0,3.0,7.0,5,3.5,12.0,58.33,0.0,0.0,1.0,1.0,0.0,Bangladesh
Syed Rasel,2007,2008,8,3.0,1.0,7.0,6,3.5,9.0,77.77,0.0,0.0,0.0,1.0,0.0,Bangladesh
Nazmus Sadat,2006,2006,1,1.0,0.0,4.0,4,4.0,3.0,133.33,0.0,0.0,0.0,0.0,0.0,Bangladesh
Abu Jayed,2018,2018,3,2.0,0.0,3.0,2,1.5,7.0,42.85,0.0,0.0,0.0,0.0,0.0,Bangladesh
Nazmul Hossain,2009,2012,4,2.0,2.0,3.0,3,,15.0,20.0,0.0,0.0,0.0,0.0,0.0,Bangladesh
Dhiman Ghosh,2008,2008,1,1.0,0.0,1.0,1,1.0,2.0,50.0,0.0,0.0,0.0,0.0,0.0,Bangladesh
Sohrawordi Shuvo,2010,2010,1,1.0,1.0,1.0,1,,3.0,33.33,0.0,0.0,0.0,0.0,0.0,Bangladesh
Afif Hossain,2018,2018,1,1.0,0.0,0.0,0,0.0,2.0,0.0,0.0,0.0,1.0,0.0,0.0,Bangladesh
Jubair Hossain,2015,2015,1,,,,,,,,,,,,,Bangladesh
Mohammad Shahid,2016,2016,1,,,,,,,,,,,,,Bangladesh
Robiul Islam,2013,2013,1,,,,,,,,,,,,,Bangladesh
Sajedul Islam,2013,2013,1,,,,,,,,,,,,,Bangladesh
Saqlain Sajib,2016,2016,1,,,,,,,,,,,,,Bangladesh
Shaiman Anwar,2014,2018,27,27.0,2.0,788.0,117,31.52,660.0,119.39,1.0,4.0,1.0,62.0,31.0,U.A.E.
Rohan Mustafa,2014,2018,25,24.0,1.0,411.0,77,17.86,344.0,119.47,0.0,2.0,3.0,43.0,15.0,U.A.E.
Muhammad Usman,2016,2017,19,18.0,3.0,382.0,58,25.46,349.0,109.45,0.0,1.0,1.0,39.0,11.0,U.A.E.
Mohammad Shahzad,2015,2017,20,20.0,2.0,281.0,52,15.61,239.0,117.57,0.0,1.0,2.0,25.0,11.0,U.A.E.
Amjad Javed,2014,2017,22,18.0,3.0,271.0,76,18.06,242.0,111.98,0.0,1.0,1.0,17.0,15.0,U.A.E.
Rameez Shahzad,2016,2018,9,9.0,2.0,218.0,49,31.14,189.0,115.34,0.0,0.0,1.0,17.0,6.0,U.A.E.
SP Patil,2014,2016,18,13.0,0.0,187.0,37,14.38,218.0,85.77,0.0,0.0,3.0,16.0,4.0,U.A.E.
Mohammad Naveed,2015,2018,23,19.0,9.0,164.0,27,16.4,128.0,128.12,0.0,0.0,2.0,16.0,8.0,U.A.E.
Muhammad Kaleem,2016,2016,9,9.0,0.0,97.0,50,10.77,116.0,83.62,0.0,1.0,1.0,9.0,3.0,U.A.E.
Faizan Asif,2014,2015,6,6.0,0.0,80.0,28,13.33,64.0,125.0,0.0,0.0,0.0,9.0,3.0,U.A.E.
Khurram Khan,2014,2014,3,3.0,0.0,73.0,31,24.33,73.0,100.0,0.0,0.0,0.0,8.0,0.0,U.A.E.
Ghulam Shabber,2016,2018,9,6.0,2.0,58.0,20,14.5,50.0,116.0,0.0,0.0,0.0,5.0,2.0,U.A.E.
Amjad Ali,2014,2015,5,5.0,1.0,42.0,20,10.5,52.0,80.76,0.0,0.0,0.0,6.0,0.0,U.A.E.
Ahmed Raza,2014,2018,22,8.0,4.0,41.0,12,10.25,72.0,56.94,0.0,0.0,1.0,0.0,1.0,U.A.E.
Mohammed Qasim,2016,2017,3,3.0,1.0,36.0,13,18.0,51.0,70.58,0.0,0.0,0.0,2.0,0.0,U.A.E.
Abdul Shakoor,2015,2015,4,3.0,1.0,28.0,20,14.0,34.0,82.35,0.0,0.0,0.0,2.0,0.0,U.A.E.
Amjad Gul,2015,2016,4,3.0,0.0,28.0,24,9.33,30.0,93.33,0.0,0.0,0.0,3.0,1.0,U.A.E.
Umair Ali,2015,2015,3,3.0,2.0,22.0,13,22.0,18.0,122.22,0.0,0.0,0.0,2.0,1.0,U.A.E.
Kamran Shazad,2014,2014,3,2.0,0.0,21.0,21,10.5,17.0,123.52,0.0,0.0,1.0,1.0,2.0,U.A.E.
Fahad Tariq,2016,2016,6,5.0,1.0,19.0,16,4.75,24.0,79.16,0.0,0.0,2.0,1.0,1.0,U.A.E.
EHSN Silva,2014,2014,2,2.0,1.0,16.0,13,16.0,22.0,72.72,0.0,0.0,0.0,1.0,0.0,U.A.E.
Saqlain Haider,2016,2016,6,5.0,1.0,14.0,7,3.5,35.0,40.0,0.0,0.0,0.0,0.0,0.0,U.A.E.
Chirag Suri,2018,2018,1,1.0,0.0,13.0,13,13.0,20.0,65.0,0.0,0.0,0.0,1.0,0.0,U.A.E.
Usman Mushtaq,2016,2016,3,2.0,1.0,13.0,9,13.0,24.0,54.16,0.0,0.0,0.0,1.0,0.0,U.A.E.
Fayyaz Ahmed,2015,2015,1,1.0,0.0,11.0,11,11.0,12.0,91.66,0.0,0.0,0.0,2.0,0.0,U.A.E.
V Shetty,2014,2014,2,2.0,1.0,11.0,10,11.0,13.0,84.61,0.0,0.0,0.0,1.0,0.0,U.A.E.
Adnan Mufti,2017,2017,1,1.0,1.0,7.0,7,,7.0,100.0,0.0,0.0,0.0,0.0,0.0,U.A.E.
Qadeer Ahmed,2015,2016,8,4.0,3.0,7.0,5,7.0,12.0,58.33,0.0,0.0,1.0,1.0,0.0,U.A.E.
Farhan Ahmed,2016,2016,3,1.0,0.0,4.0,4,4.0,8.0,50.0,0.0,0.0,0.0,0.0,0.0,U.A.E.
Mohammad Tauqir,2015,2015,3,2.0,1.0,4.0,4,4.0,6.0,66.66,0.0,0.0,0.0,1.0,0.0,U.A.E.
AM Guruge,2014,2015,5,3.0,2.0,3.0,1,3.0,8.0,37.5,0.0,0.0,0.0,0.0,0.0,U.A.E.
Zaheer Maqsood,2015,2016,3,1.0,0.0,2.0,2,2.0,5.0,40.0,0.0,0.0,0.0,0.0,0.0,U.A.E.
Muhammed Shanil,2016,2016,1,1.0,1.0,1.0,1,,3.0,33.33,0.0,0.0,0.0,0.0,0.0,U.A.E.
Ashfaq Ahmed,2018,2018,1,1.0,0.0,0.0,0,0.0,3.0,0.0,0.0,0.0,1.0,0.0,0.0,U.A.E.
L Sreekumar,2017,2017,1,1.0,0.0,0.0,0,0.0,1.0,0.0,0.0,0.0,1.0,0.0,0.0,U.A.E.
Amir Hayat,2018,2018,1,,,,,,,,,,,,,U.A.E.
Atif Ali Khan,2016,2016,1,,,,,,,,,,,,,U.A.E.
Imran Haider,2016,2018,6,,,,,,,,,,,,,U.A.E.
Nasir Aziz,2015,2015,1,,,,,,,,,,,,,U.A.E.
Sharif Asadullah,2014,2014,1,,,,,,,,,,,,,U.A.E.
Sultan Ahmed,2017,2017,2,,,,,,,,,,,,,U.A.E.
Zahoor Khan,2017,2018,4,,,,,,,,,,,,,U.A.E.
PR Stirling,2009,2018,52,51.0,4.0,1181.0,81,25.12,869.0,135.9,0.0,8.0,7.0,143.0,39.0,Ireland
GC Wilson,2008,2018,61,54.0,7.0,1095.0,65,23.29,1035.0,105.79,0.0,3.0,4.0,96.0,18.0,Ireland
WTS Porterfield,2008,2018,61,59.0,6.0,1079.0,72,20.35,971.0,111.12,0.0,3.0,5.0,120.0,23.0,Ireland
KJ O'Brien,2008,2018,67,60.0,10.0,775.0,42,15.5,655.0,118.32,0.0,0.0,9.0,50.0,33.0,Ireland
NJ O'Brien,2008,2016,30,28.0,2.0,466.0,50,17.92,475.0,98.1,0.0,1.0,0.0,40.0,7.0,Ireland
EC Joyce,2012,2014,16,14.0,3.0,404.0,78,36.72,428.0,94.39,0.0,1.0,0.0,30.0,5.0,Ireland
DT Johnston,2008,2013,30,19.0,7.0,249.0,62,20.75,184.0,135.32,0.0,1.0,1.0,13.0,11.0,Ireland
SR Thompson,2014,2018,28,22.0,5.0,232.0,56,13.64,175.0,132.57,0.0,1.0,1.0,20.0,10.0,Ireland
JF Mooney,2009,2015,27,23.0,9.0,231.0,31,16.5,214.0,107.94,0.0,0.0,0.0,25.0,1.0,Ireland
AR Cusack,2008,2015,37,21.0,6.0,229.0,65,15.26,177.0,129.37,0.0,1.0,1.0,17.0,6.0,Ireland
AD Poynter,2012,2016,19,14.0,3.0,219.0,57,19.9,184.0,119.02,0.0,1.0,1.0,21.0,8.0,Ireland
A Balbirnie,2015,2018,16,13.0,0.0,189.0,74,14.53,175.0,108.0,0.0,1.0,2.0,23.0,1.0,Ireland
SW Poynter,2015,2018,19,16.0,2.0,170.0,39,12.14,162.0,104.93,0.0,0.0,0.0,17.0,3.0,Ireland
AR White,2008,2012,18,12.0,6.0,137.0,29,22.83,128.0,107.03,0.0,0.0,0.0,12.0,2.0,Ireland
AC Botha,2008,2010,14,11.0,1.0,130.0,38,13.0,141.0,92.19,0.0,0.0,2.0,12.0,1.0,Ireland
GH Dockrell,2010,2018,54,21.0,8.0,125.0,22,9.61,121.0,103.3,0.0,0.0,3.0,5.0,3.0,Ireland
Simi Singh,2018,2018,8,8.0,1.0,123.0,57,17.57,96.0,128.12,0.0,1.0,3.0,10.0,4.0,Ireland
JNK Shannon,2013,2018,8,8.0,0.0,111.0,60,13.87,84.0,132.14,0.0,1.0,1.0,12.0,5.0,Ireland
MC Sorensen,2012,2016,26,11.0,6.0,92.0,26,18.4,79.0,116.45,0.0,0.0,1.0,4.0,3.0,Ireland
GJ Thompson,2016,2017,8,7.0,1.0,75.0,44,12.5,78.0,96.15,0.0,0.0,2.0,9.0,1.0,Ireland
AR McBrine,2014,2017,19,11.0,5.0,73.0,14,12.16,70.0,104.28,0.0,0.0,1.0,6.0,1.0,Ireland
WB Rankin,2009,2018,28,9.0,5.0,53.0,16,13.25,58.0,91.37,0.0,0.0,0.0,2.0,3.0,Ireland
DA Rankin,2015,2016,2,2.0,0.0,49.0,34,24.5,54.0,90.74,0.0,0.0,0.0,3.0,2.0,Ireland
L Tucker,2016,2017,4,4.0,0.0,43.0,16,10.75,42.0,102.38,0.0,0.0,0.0,4.0,1.0,Ireland
NG Jones,2010,2012,5,4.0,2.0,42.0,14,21.0,38.0,110.52,0.0,0.0,1.0,1.0,2.0,Ireland
TE Kane,2015,2018,6,3.0,1.0,36.0,26,18.0,23.0,156.52,0.0,0.0,0.0,5.0,0.0,Ireland
TJ Murtagh,2012,2016,14,5.0,3.0,26.0,12,13.0,25.0,104.0,0.0,0.0,0.0,0.0,1.0,Ireland
J Anderson,2015,2015,4,2.0,0.0,12.0,9,6.0,18.0,66.66,0.0,0.0,0.0,1.0,0.0,Ireland
WK McCallan,2008,2009,9,3.0,2.0,11.0,9,11.0,15.0,73.33,0.0,0.0,1.0,1.0,0.0,Ireland
BJ McCarthy,2017,2018,6,3.0,1.0,11.0,11,5.5,7.0,157.14,0.0,0.0,2.0,0.0,1.0,Ireland
RM West,2009,2009,5,4.0,1.0,11.0,8,3.66,11.0,100.0,0.0,0.0,0.0,1.0,0.0,Ireland
PKD Chase,2018,2018,6,4.0,3.0,7.0,4,7.0,13.0,53.84,0.0,0.0,0.0,1.0,0.0,Ireland
J Mulder,2016,2017,8,4.0,2.0,6.0,5,3.0,11.0,54.54,0.0,0.0,1.0,0.0,0.0,Ireland
R Strydom,2008,2008,4,2.0,1.0,6.0,5,6.0,7.0,85.71,0.0,0.0,0.0,0.0,0.0,Ireland
PC Connell,2008,2010,9,3.0,2.0,4.0,3,4.0,7.0,57.14,0.0,0.0,1.0,0.0,0.0,Ireland
SP Terry,2016,2016,1,1.0,0.0,4.0,4,4.0,6.0,66.66,0.0,0.0,0.0,0.0,0.0,Ireland
CA Young,2015,2018,16,3.0,2.0,4.0,2,4.0,7.0,57.14,0.0,0.0,0.0,0.0,0.0,Ireland
JP Bray,2009,2009,2,2.0,0.0,2.0,2,1.0,17.0,11.76,0.0,0.0,1.0,0.0,0.0,Ireland
GE Kidd,2010,2010,1,1.0,1.0,1.0,1,,1.0,100.0,0.0,0.0,0.0,0.0,0.0,Ireland
J Little,2016,2018,4,3.0,1.0,1.0,1,0.5,7.0,14.28,0.0,0.0,2.0,0.0,0.0,Ireland
RD McCann,2012,2012,3,1.0,0.0,1.0,1,1.0,2.0,50.0,0.0,0.0,0.0,0.0,0.0,Ireland
PS Eaglestone,2010,2010,1,,,,,,,,,,,,,Ireland
GJ McCarter,2015,2015,3,,,,,,,,,,,,,Ireland
KJ Coetzer,2008,2018,45,43.0,2.0,1035.0,70,25.24,856.0,120.91,0.0,3.0,2.0,106.0,32.0,Scotland
RD Berrington,2008,2018,46,39.0,7.0,867.0,100,27.09,696.0,124.56,1.0,2.0,5.0,86.0,19.0,Scotland
CS MacLeod,2009,2018,34,33.0,5.0,602.0,60,21.5,562.0,107.11,0.0,4.0,3.0,47.0,13.0,Scotland
MH Cross,2013,2018,29,23.0,2.0,485.0,60,23.09,371.0,130.72,0.0,2.0,1.0,49.0,16.0,Scotland
HG Munsey,2015,2018,23,21.0,2.0,461.0,71,24.26,324.0,142.28,0.0,2.0,4.0,67.0,11.0,Scotland
PL Mommsen,2012,2016,24,19.0,7.0,419.0,68,34.91,329.0,127.35,0.0,2.0,1.0,32.0,11.0,Scotland
MW Machan,2013,2016,13,13.0,3.0,407.0,67,40.7,318.0,127.98,0.0,3.0,0.0,37.0,7.0,Scotland
RR Watson,2007,2010,10,9.0,0.0,159.0,54,17.66,141.0,112.76,0.0,1.0,1.0,22.0,1.0,Scotland
MA Leask,2013,2018,20,13.0,1.0,158.0,58,13.16,133.0,118.79,0.0,1.0,1.0,11.0,8.0,Scotland
DF Watts,2007,2012,11,9.0,0.0,137.0,46,15.22,127.0,107.87,0.0,0.0,2.0,13.0,3.0,Scotland
NS Poonia,2007,2010,8,7.0,2.0,95.0,38,19.0,108.0,87.96,0.0,0.0,2.0,3.0,1.0,Scotland
JH Stander,2009,2012,11,11.0,2.0,94.0,45,10.44,90.0,104.44,0.0,0.0,3.0,6.0,4.0,Scotland
GM Hamilton,2007,2010,12,8.0,0.0,90.0,32,11.25,110.0,81.81,0.0,0.0,0.0,6.0,1.0,Scotland
CD Wallace,2012,2017,12,9.0,5.0,90.0,26,22.5,79.0,113.92,0.0,0.0,0.0,9.0,0.0,Scotland
RML Taylor,2013,2016,9,6.0,3.0,85.0,41,28.33,58.0,146.55,0.0,0.0,0.0,6.0,4.0,Scotland
SM Sharif,2012,2018,29,12.0,5.0,78.0,26,11.14,65.0,120.0,0.0,0.0,2.0,4.0,3.0,Scotland
NFI McCallum,2007,2010,11,7.0,0.0,76.0,38,10.85,85.0,89.41,0.0,0.0,3.0,7.0,1.0,Scotland
RM Haq,2007,2013,21,12.0,7.0,64.0,21,12.8,96.0,66.66,0.0,0.0,1.0,2.0,1.0,Scotland
DE Budge,2018,2018,6,4.0,2.0,60.0,24,30.0,59.0,101.69,0.0,0.0,0.0,2.0,3.0,Scotland
CJO Smith,2007,2009,8,6.0,1.0,58.0,46,11.6,54.0,107.4,0.0,0.0,3.0,6.0,0.0,Scotland
JH Davey,2012,2017,14,7.0,2.0,55.0,24,11.0,43.0,127.9,0.0,0.0,0.0,3.0,2.0,Scotland
GD Drummond,2008,2013,17,7.0,0.0,54.0,35,7.71,65.0,83.07,0.0,0.0,2.0,3.0,0.0,Scotland
MM Iqbal,2012,2013,6,3.0,0.0,46.0,31,15.33,45.0,102.22,0.0,0.0,0.0,4.0,1.0,Scotland
R Flannigan,2012,2012,4,4.0,1.0,38.0,18,12.66,33.0,115.15,0.0,0.0,1.0,4.0,0.0,Scotland
CD de Lange,2015,2017,8,3.0,0.0,35.0,22,11.66,22.0,159.09,0.0,0.0,0.0,2.0,2.0,Scotland
D Murphy,2013,2013,4,4.0,3.0,35.0,20,35.0,35.0,100.0,0.0,0.0,0.0,1.0,0.0,Scotland
JD Nel,2007,2010,10,5.0,2.0,34.0,13,11.33,25.0,136.0,0.0,0.0,1.0,3.0,1.0,Scotland
MRJ Watt,2015,2018,23,7.0,3.0,32.0,11,8.0,23.0,139.13,0.0,0.0,1.0,3.0,1.0,Scotland
G Goudie,2010,2013,9,6.0,2.0,25.0,9,6.25,20.0,125.0,0.0,0.0,0.0,2.0,1.0,Scotland
SJS Smith,2010,2012,5,4.0,1.0,21.0,9,7.0,40.0,52.5,0.0,0.0,1.0,1.0,0.0,Scotland
CM Wright,2007,2009,3,1.0,0.0,14.0,14,14.0,18.0,77.77,0.0,0.0,0.0,0.0,0.0,Scotland
FRJ Coleman,2013,2013,1,1.0,0.0,9.0,9,9.0,13.0,69.23,0.0,0.0,0.0,1.0,0.0,Scotland
GA Rogers,2008,2009,2,2.0,2.0,7.0,6,,8.0,87.5,0.0,0.0,0.0,0.0,0.0,Scotland
JAR Blain,2007,2008,6,3.0,1.0,4.0,3,2.0,5.0,80.0,0.0,0.0,1.0,0.0,0.0,Scotland
NM Carter,2013,2013,7,2.0,0.0,4.0,3,2.0,12.0,33.33,0.0,0.0,0.0,0.0,0.0,Scotland
RT Lyons,2010,2010,2,2.0,0.0,4.0,4,2.0,17.0,23.52,0.0,0.0,1.0,0.0,0.0,Scotland
CB Sole,2017,2018,4,1.0,1.0,4.0,4,,2.0,200.0,0.0,0.0,0.0,1.0,0.0,Scotland
BTJ Wheal,2016,2017,5,2.0,2.0,2.0,2,,2.0,100.0,0.0,0.0,0.0,0.0,0.0,Scotland
DR Brown,2007,2007,2,1.0,0.0,1.0,1,1.0,5.0,20.0,0.0,0.0,0.0,0.0,0.0,Scotland
AC Evans,2015,2018,16,5.0,1.0,1.0,1,0.25,10.0,10.0,0.0,0.0,4.0,0.0,0.0,Scotland
I Wardlaw,2013,2013,4,1.0,0.0,1.0,1,1.0,3.0,33.33,0.0,0.0,0.0,0.0,0.0,Scotland
GI Maiden,2008,2008,3,1.0,0.0,0.0,0,0.0,1.0,0.0,0.0,0.0,1.0,0.0,0.0,Scotland
CG Burnett,2013,2013,1,,,,,,,,,,,,,Scotland
Hamza Tahir,2018,2018,3,,,,,,,,,,,,,Scotland
GT Main,2015,2016,4,,,,,,,,,,,,,Scotland
MA Parker,2012,2012,2,,,,,,,,,,,,,Scotland
SG Whittingham,2018,2018,3,,,,,,,,,,,,,Scotland
Mohammad Shahzad,2010,2018,65,65.0,3.0,1936.0,118,31.22,1436.0,134.81,1.0,12.0,3.0,218.0,72.0,Afghanistan
Asghar Afghan,2010,2018,56,51.0,4.0,1031.0,62,21.93,966.0,106.72,0.0,3.0,2.0,60.0,52.0,Afghanistan
Mohammad Nabi,2010,2018,65,60.0,9.0,1014.0,89,19.88,719.0,141.02,0.0,2.0,4.0,66.0,56.0,Afghanistan
Samiullah Shinwari,2010,2018,60,54.0,10.0,968.0,61,22.0,810.0,119.5,0.0,2.0,2.0,70.0,37.0,Afghanistan
Najibullah Zadran,2012,2018,47,38.0,14.0,711.0,60,29.62,496.0,143.34,0.0,2.0,1.0,46.0,37.0,Afghanistan
Karim Sadiq,2010,2018,36,36.0,0.0,538.0,72,14.94,493.0,109.12,0.0,1.0,4.0,61.0,10.0,Afghanistan
Noor Ali Zadran,2010,2017,20,20.0,1.0,506.0,63,26.63,497.0,101.81,0.0,3.0,1.0,45.0,6.0,Afghanistan
Nawroz Mangal,2010,2017,32,32.0,4.0,505.0,65,18.03,453.0,111.47,0.0,2.0,4.0,42.0,19.0,Afghanistan
Shafiqullah,2010,2018,41,38.0,11.0,436.0,51,16.14,300.0,145.33,0.0,1.0,5.0,31.0,27.0,Afghanistan
Gulbadin Naib,2012,2018,38,31.0,9.0,432.0,56,19.63,357.0,121.0,0.0,1.0,2.0,31.0,20.0,Afghanistan
Usman Ghani,2015,2018,17,17.0,1.0,359.0,69,22.43,350.0,102.57,0.0,2.0,0.0,35.0,9.0,Afghanistan
Najeeb Tarakai,2014,2017,9,9.0,0.0,216.0,90,24.0,166.0,130.12,0.0,1.0,1.0,19.0,10.0,Afghanistan
Hazratullah Zazai,2016,2018,3,3.0,0.0,174.0,82,58.0,111.0,156.75,0.0,2.0,0.0,15.0,13.0,Afghanistan
Mirwais Ashraf,2010,2016,25,19.0,8.0,128.0,28,11.63,115.0,111.3,0.0,0.0,2.0,5.0,8.0,Afghanistan
Karim Janat,2016,2018,14,8.0,1.0,109.0,25,15.57,103.0,105.82,0.0,0.0,1.0,6.0,6.0,Afghanistan
Rashid Khan,2015,2018,34,15.0,7.0,107.0,33,13.37,85.0,125.88,0.0,0.0,3.0,8.0,7.0,Afghanistan
Raees Ahmadzai,2010,2010,8,6.0,3.0,91.0,33,30.33,84.0,108.33,0.0,0.0,0.0,5.0,1.0,Afghanistan
Dawlat Zadran,2012,2017,33,16.0,7.0,68.0,13,7.55,42.0,161.9,0.0,0.0,3.0,4.0,6.0,Afghanistan
Hamid Hassan,2010,2016,22,9.0,6.0,50.0,22,16.66,46.0,108.69,0.0,0.0,0.0,3.0,2.0,Afghanistan
Amir Hamza,2013,2017,31,9.0,5.0,40.0,21,10.0,38.0,105.26,0.0,0.0,1.0,3.0,1.0,Afghanistan
Shapoor Zadran,2010,2018,34,13.0,6.0,27.0,13,3.85,65.0,41.53,0.0,0.0,3.0,0.0,3.0,Afghanistan
Sharafuddin Ashraf,2015,2018,6,2.0,0.0,19.0,18,9.5,18.0,105.55,0.0,0.0,0.0,1.0,1.0,Afghanistan
Shabir Noori,2012,2012,1,1.0,0.0,15.0,15,15.0,18.0,83.33,0.0,0.0,0.0,1.0,0.0,Afghanistan
Afsar Zazai,2013,2013,1,1.0,0.0,9.0,9,9.0,21.0,42.85,0.0,0.0,0.0,0.0,0.0,Afghanistan
Javed Ahmadi,2012,2017,3,2.0,0.0,6.0,6,3.0,7.0,85.71,0.0,0.0,1.0,1.0,0.0,Afghanistan
Aftab Alam,2012,2018,12,5.0,3.0,2.0,1,1.0,9.0,22.22,0.0,0.0,1.0,0.0,0.0,Afghanistan
Dawlat Ahmadzai,2010,2010,2,1.0,1.0,2.0,2,,3.0,66.66,0.0,0.0,0.0,0.0,0.0,Afghanistan
Hashmatullah Shahidi,2013,2013,1,1.0,1.0,1.0,1,,1.0,100.0,0.0,0.0,0.0,0.0,0.0,Afghanistan
M Nasim Baras,2015,2015,3,1.0,0.0,1.0,1,1.0,2.0,50.0,0.0,0.0,0.0,0.0,0.0,Afghanistan
Sayed Shirzad,2015,2016,3,1.0,0.0,1.0,1,1.0,2.0,50.0,0.0,0.0,0.0,0.0,0.0,Afghanistan
Yamin Ahmadzai,2015,2015,2,1.0,1.0,1.0,1,,1.0,100.0,0.0,0.0,0.0,0.0,0.0,Afghanistan
Izatullah Dawlatzai,2012,2012,4,1.0,1.0,0.0,0,,3.0,0.0,0.0,0.0,0.0,0.0,0.0,Afghanistan
Mujeeb Ur Rahman,2018,2018,7,2.0,2.0,0.0,0,,0.0,,0.0,0.0,0.0,0.0,0.0,Afghanistan
Fareed Ahmad,2016,2018,9,,,,,,,,,,,,,Afghanistan
Rokhan Barakzai,2015,2015,3,,,,,,,,,,,,,Afghanistan
Zamir Khan,2012,2012,1,,,,,,,,,,,,,Afghanistan
